Date,Pressure,Rainfall,Visibility,Cloud
2018-01-01,88,0,0.3,0.7
2018-01-02,89,0,0.3,2.8
2018-01-03,85,0,0.6,3.5
2018-01-04,81,0,0.6,4.4
2018-01-05,82,0,0.6,3.5
2018-01-06,76,0,0.6,3.9
2018-01-07,69,0,1.4,8.5
2018-01-08,72,0,1.4,3.9
2018-01-09,75,0,1.4,5.7
2018-01-10,67,0,1.4,11.5
2018-01-11,68,0,1.4,10.2
2018-01-12,70,-,1.6,5.2
2018-01-13,68,0,1.4,4.4
2018-01-14,69,0,2.3,4.8
2018-01-15,70,0,1.4,9.4
2018-01-16,59,0,1.9,6.9
2018-01-17,80,0,0.8,3.7
2018-01-18,76,0,1,0.9
2018-01-19,79,0,1,4.6
2018-01-20,75,0,0.6,5
2018-01-21,70,0,1.9,0.4
2018-01-22,74,0,1.6,2.6
2018-01-23,91,-,0.8,4.8
2018-01-24,89,0,0.6,3.9
2018-01-25,90,0,0.6,8.3
2018-01-26,89,0,0.5,4.4
2018-01-27,79,0,0.6,4.3
2018-01-28,73,0,0.8,5.4
2018-01-29,73,0,1.3,6.5
2018-01-30,63,0,1.6,14.1
2018-01-31,69,0,1.4,13
2018-02-01,69,0,1.4,3
2018-02-02,69,0,1.6,3.7
2018-02-03,57,0,1.4,4.4
2018-02-04,61,0,1.9,4.8
2018-02-05,55,0,1.4,3.7
2018-02-06,54,0,1.8,8.5
2018-02-07,55,0,1.4,7.4
2018-02-08,61,0,1.6,1.7
2018-02-09,59,0,1.3,2.2
2018-02-10,71,0,1.6,0
2018-02-11,59,0,1.9,6.5
2018-02-12,78,0,1.9,7.6
2018-02-13,75,0,1.6,5.2
2018-02-14,63,0,1.8,11.1
2018-02-15,66,0,2.4,9.8
2018-02-16,73,0,1.4,4.8
2018-02-17,67,0,1.4,5.7
2018-02-18,69,0,1.9,3.7
2018-02-19,60,0,1.6,3.3
2018-02-20,62,0,2.1,4.4
2018-02-21,59,0,1.8,1.5
2018-02-22,63,0,1.9,0.9
2018-02-23,64,0,1.9,0.9
2018-02-24,68,0,1.8,2.4
2018-02-25,65,0,1.9,7.4
2018-02-26,64,0,2.6,11.3
2018-02-27,65,0,1.9,6.3
2018-02-28,68,0,1.6,2
2018-03-01,62,0,1.6,1.7
2018-03-02,58,0,2.3,3.9
2018-03-03,53,0,2.1,2
2018-03-04,54,0,1.9,5
2018-03-05,52,0,2.4,6.3
2018-03-06,56,0,1.8,12.8
2018-03-07,53,0,2.6,7.6
2018-03-08,57,0,2.3,3.1
2018-03-09,52,0,1.8,3.5
2018-03-10,50,0,2.3,6.7
2018-03-11,54,0,2.3,4.3
2018-03-12,49,0,2.6,5.4
2018-03-13,45,0,2.3,2.8
2018-03-14,47,0,2.7,1.9
2018-03-15,51,0,2.6,11.3
2018-03-16,52,0,2.4,6.3
2018-03-17,44,0,2.7,6.1
2018-03-18,44,0,2.6,5
2018-03-19,44,0,2.3,4.4
2018-03-20,45,0,2.6,2.2
2018-03-21,53,0,2.6,5.6
2018-03-22,56,0,1.9,4.4
2018-03-23,54,0,1.8,7.4
2018-03-24,49,0,2.6,6.1
2018-03-25,49,0,1.9,8.7
2018-03-26,44,0,2.6,9.1
2018-03-27,38,0,3.2,4.6
2018-03-28,36,0,2.6,4.4
2018-03-29,42,0,2.6,8.1
2018-03-30,41,0,2.7,9.8
2018-03-31,51,0,2.9,9.1
2018-04-01,52,0,2.7,6.1
2018-04-02,53,0,2.6,4.8
2018-04-03,49,0,2.6,2.6
2018-04-04,48,0,2.6,2.6
2018-04-05,46,0,2.1,3.9
2018-04-06,52,-,2.3,4.6
2018-04-07,57,5.08,2.7,5.9
2018-04-08,51,0,2.3,9.1
2018-04-09,67,2.03,2.9,6.7
2018-04-10,50,1.02,2.6,7
2018-04-11,54,0,2.6,11.1
2018-04-12,48,5.08,3.1,5.9
2018-04-13,38,0,2.3,3
2018-04-14,36,0,3.1,4.6
2018-04-15,39,0,2.7,3.1
2018-04-16,40,0,1.9,5.9
2018-04-17,31,0,2.6,4.8
2018-04-18,27,0,2.7,8
2018-04-19,32,0,2.6,5
2018-04-20,26,0,1.9,12.4
2018-04-21,31,0,2.6,9.1
2018-04-22,24,0,2.3,10.4
2018-04-23,26,0,2.6,7.4
2018-04-24,31,0,2.7,6.9
2018-04-25,26,0,2.6,5.6
2018-04-26,31,0,1.9,4.8
2018-04-27,48,0,3.1,7
2018-04-28,43,0,1.9,10.2
2018-04-29,49,0,2.4,2
2018-04-30,43,1.02,2.3,6.3
2018-05-01,52,0,2.7,10
2018-05-02,59,12.95,1.6,13.7
2018-05-03,52,0,1.9,10
2018-05-04,59,5.08,2.7,7.4
2018-05-05,49,0,2.7,4.3
2018-05-06,42,0,1.9,8.7
2018-05-07,40,0,1.9,11.7
2018-05-08,43,0,1.8,7.4
2018-05-09,57,0,1.9,3.3
2018-05-10,43,0.76,1.9,3.9
2018-05-11,37,0,2.3,3.5
2018-05-12,47,0,1.9,6.7
2018-05-13,56,7.87,1.8,12
2018-05-14,53,0,2.6,6.7
2018-05-15,54,0,2.7,5.2
2018-05-16,34,0.25,2.7,3.9
2018-05-17,33,0,2.3,2.2
2018-05-18,40,0,1.9,3
2018-05-19,40,0,1.9,4.4
2018-05-20,33,0,2.6,3.1
2018-05-21,26,0,2.7,5.9
2018-05-22,30,0,3.1,3.7
2018-05-23,37,0,1.9,2.4
2018-05-24,39,0,2.6,2.6
2018-05-25,25,0,2.7,6.5
2018-05-26,27,0,1.9,4.4
2018-05-27,24,0,2.7,8.7
2018-05-28,35,0,2.9,3.5
2018-05-29,30,0,3.5,7.6
2018-05-30,48,0,2.6,10.2
2018-05-31,46,0,2.7,7
2018-06-01,50,0,2.6,12.8
2018-06-02,53,0,2.7,12
2018-06-03,56,0,2.6,9.6
2018-06-04,51,0,2.7,11.1
2018-06-05,52,0,2.6,10.7
2018-06-06,64,0,2.6,11.7
2018-06-07,53,0,1.9,6.5
2018-06-08,55,0,1.9,11.3
2018-06-09,75,5.08,1.4,11.5
2018-06-10,58,0,2.6,3.9
2018-06-11,45,0,1.9,9.1
2018-06-12,46,0,1.9,14.1
2018-06-13,41,0,1.6,19.4
2018-06-14,41,0,1.6,16.9
2018-06-15,43,0,1.9,17.4
2018-06-16,52,0,1.9,13.5
2018-06-17,59,0,1.9,10.9
2018-06-18,53,0,1.9,8.5
2018-06-19,49,0,2.6,5.9
2018-06-20,55,0,2.6,1.9
2018-06-21,50,0,1.9,3.5
2018-06-22,44,0,1.9,3
2018-06-23,42,0,1.9,3.7
2018-06-24,44,0,2.6,4.8
2018-06-25,42,0,2.1,11.3
2018-06-26,59,0,1.9,5.4
2018-06-27,76,3.05,1.9,10.2
2018-06-28,78,20.07,1.9,11.5
2018-06-29,77,1.02,1.9,11.1
2018-06-30,75,9.91,1.9,4.8
2018-07-01,68,0,1.9,11.9
2018-07-02,66,22.1,2.9,12
2018-07-03,70,0,2.3,6.3
2018-07-04,68,5.08,1.9,5.4
2018-07-05,69,0,1.9,4.4
2018-07-06,61,0,2.6,4.8
2018-07-07,59,0,1.9,3.1
2018-07-08,55,0,3.1,3.3
2018-07-09,71,0,1.9,9.4
2018-07-10,66,0,1.9,10
2018-07-11,72,0,1.9,6.5
2018-07-12,72,0,2.7,7.8
2018-07-13,85,54.1,1.9,3.7
2018-07-14,82,0,1.9,3.7
2018-07-15,77,0,1.9,5.6
2018-07-16,91,32,1.9,4.6
2018-07-17,73,0,2.7,1.9
2018-07-18,71,0,1.9,7.2
2018-07-19,73,0,2.6,5.2
2018-07-20,87,23.88,1.9,1.9
2018-07-21,89,7.11,1.9,2.8
2018-07-22,91,18.03,1.9,3.5
2018-07-23,79,0,1.9,4.8
2018-07-24,72,0,1.9,3.5
2018-07-25,84,1.02,1.9,3.9
2018-07-26,95,5.08,1.9,6.5
2018-07-27,95,45.97,1.9,3.1
2018-07-28,86,3.05,1.9,5.6
2018-07-29,76,5.08,2.6,6.1
2018-07-30,77,24.89,2.7,5.7
2018-07-31,76,0,1.9,8.3
2018-08-01,71,0.51,2.7,5
2018-08-02,67,0,2.3,13
2018-08-03,68,0,2.3,11.7
2018-08-04,64,0,1.9,11.9
2018-08-05,79,0,1.9,11.3
2018-08-06,85,3.05,1.9,0.6
2018-08-07,89,2.03,1.9,2.6
2018-08-08,83,4.06,1.9,4.6
2018-08-09,73,0.51,2.3,4.6
2018-08-10,84,0,2.3,1.9
2018-08-11,72,44.96,1.9,9.8
2018-08-12,77,1.02,1.9,5.4
2018-08-13,78,7.87,1.9,1.7
2018-08-14,80,0.51,2.3,4.3
2018-08-15,73,8.89,2.6,5.6
2018-08-16,79,0,2.3,4.3
2018-08-17,78,3.05,1.9,7.4
2018-08-18,81,0,1.9,2
2018-08-19,91,5.08,1.9,0
2018-08-20,83,40.89,1.9,4.3
2018-08-21,73,0,1.9,4.6
2018-08-22,79,0.51,1.9,4.3
2018-08-23,83,5.08,2.3,8.5
2018-08-24,76,0,3.1,10.9
2018-08-25,73,0,2.6,11.3
2018-08-26,73,0,3.2,7.8
2018-08-27,83,2.03,2.6,2.6
2018-08-28,92,50.04,1.9,3.1
2018-08-29,88,11.94,1.9,0.9
2018-08-30,78,16,1.9,4.6
2018-08-31,76,0,2.3,4.8
2018-09-01,93,24.89,1.8,4.8
2018-09-02,92,24.89,1.9,4.6
2018-09-03,95,36.07,1.6,0.4
2018-09-04,93,41.91,1.6,0.9
2018-09-05,86,9.91,2.1,5.4
2018-09-06,74,2.03,2.1,7
2018-09-07,86,20.07,2.1,1.7
2018-09-08,83,2.03,2.6,9.3
2018-09-09,80,6.1,3.1,8.1
2018-09-10,81,0,1.9,4.3
2018-09-11,76,0,2.7,8.7
2018-09-12,70,0,2.6,13
2018-09-13,67,0,2.6,13
2018-09-14,70,0,3.4,7
2018-09-15,60,0,4,8.1
2018-09-16,68,0,2.7,5
2018-09-17,-,-,-,-
2018-09-18,61,0,3.4,4.8
2018-09-19,68,0,3.4,3.1
2018-09-20,66,0,2.7,2.8
2018-09-21,75,0,2.6,9.1
2018-09-22,91,26.92,1.9,10.9
2018-09-23,86,2.03,1.9,16.5
2018-09-24,-,-,-,-
2018-09-25,90,12.95,1.8,4.8
2018-09-26,77,0.25,3.5,4.3
2018-09-27,75,0,2.7,2.4
2018-09-28,63,0,2.6,2
2018-09-29,65,0,2.3,2.6
2018-09-30,65,0,2.6,4.3
2018-10-01,66,0,2.7,2.6
2018-10-02,63,0,2.6,0.4
2018-10-03,59,0,2.6,0.4
2018-10-04,63,0,1.9,2.4
2018-10-05,67,0,1.9,1.5
2018-10-06,61,0,3.2,2.6
2018-10-07,63,0,2.3,1.9
2018-10-08,63,0,1.9,2
2018-10-09,66,0,1.9,3.7
2018-10-10,66,0,2.3,5
2018-10-11,64,0,1.9,9.4
2018-10-12,60,0,1.9,1.1
2018-10-13,62,0,1.8,0
2018-10-14,58,0,2.6,5.4
2018-10-15,58,0,2.6,3
2018-10-16,63,0,1.9,1.5
2018-10-17,59,0,2.3,2.6
2018-10-18,58,0,2.6,3.3
2018-10-19,54,0,2.3,2.8
2018-10-20,52,0,2.4,2
2018-10-21,54,0,2.6,3.3
2018-10-22,48,0,3.1,7.4
2018-10-23,49,0,2.9,2.2
2018-10-24,54,0,2.4,2.4
2018-10-25,58,0,2.4,2
2018-10-26,59,0,2.1,0.6
2018-10-27,62,0,1.9,2.4
2018-10-28,53,0,1.9,4.4
2018-10-29,60,0,1.9,3.9
2018-10-30,63,0,1.6,1.9
2018-10-31,63,0,1.6,2.2
2018-11-01,65,0,1.6,5
2018-11-02,63,0,1.6,4.1
2018-11-03,63,0.25,1.9,9.4
2018-11-04,57,0,2.4,9.3
2018-11-05,68,0,1.1,8.7
2018-11-06,42,0,2.7,12.2
2018-11-07,44,0,3.1,8.3
2018-11-08,58,0,1.4,1.1
2018-11-09,59,0,1.4,2.4
2018-11-10,61,0,1.4,1.9
2018-11-11,56,0,2.1,2.8
2018-11-12,67,0,1.1,1.9
2018-11-13,74,0.25,1.3,4.1
2018-11-14,77,7.11,2.3,5.4
2018-11-15,67,1.02,2.4,4.8
2018-11-16,53,0,2.6,15.4
2018-11-17,-,-,-,-
2018-11-18,-,-,-,-
2018-11-19,-,-,-,-
2018-11-20,-,-,-,-
2018-11-21,-,-,-,-
2018-11-22,-,-,-,-
2018-11-23,51,0,2.3,7
2018-11-24,49,0,3.2,10.9
2018-11-25,59,0,2.9,2
2018-11-26,64,0,2.1,0.7
2018-11-27,65,0,1.9,0.9
2018-11-28,72,0,1.6,0.9
2018-11-29,71,0,1.8,2.6
2018-11-30,68,0,1.8,3.1
2018-12-01,60,0,2.6,5.4
2018-12-02,56,0,2.4,2.4
2018-12-03,58,0,1.9,3.5
2018-12-04,67,0,1.6,1.9
2018-12-05,68,0,1.6,0.6
2018-12-06,72,0,1.8,2
2018-12-07,67,0,1.9,4.8
2018-12-08,70,0,1.8,2.8
2018-12-09,66,0,1.8,1.1
2018-12-10,71,0,1.4,2.2
2018-12-11,80,-,1.1,2.2
2018-12-12,83,0.51,1.4,3.5
2018-12-13,77,1.02,2.6,3.9
2018-12-14,74,0,1.9,5.9
2018-12-15,78,0,1.9,5.6
2018-12-16,68,0,1.9,3.7
2018-12-17,72,0,1.6,3.5
2018-12-18,68,0,1.8,7.2
2018-12-19,67,0,2.1,4.6
2018-12-20,74,0,1.3,1.1
2018-12-21,82,0,1.1,3
2018-12-22,81,0,1,1.3
2018-12-23,82,0,0.6,1.5
2018-12-24,78,0,1,1.5
2018-12-25,80,0,1.3,6.7
2018-12-26,76,0,1.3,3
2018-12-27,76,0,1.1,2.4
2018-12-28,81,0,0.8,7.6
2018-12-29,75,0,1.1,6.9
2018-12-30,72,0,1.3,3
2018-12-31,73,0,0.8,4.8
2019-01-01,75,0,1.3,2
2019-01-02,79,0,1.1,0.9
2019-01-03,83,0,0.6,7.2
2019-01-04,88,0,0.6,5
2019-01-05,83,0,1.3,6.5
2019-01-06,91,2.03,1.1,4.4
2019-01-07,88,0,0.8,3.7
2019-01-08,85,0,0.8,6.9
2019-01-09,78,0,1.4,8.3
2019-01-10,83,0,1.3,3.5
2019-01-11,84,0,1.3,2.2
2019-01-12,82,0,0.8,1.9
2019-01-13,82,0,1.3,3.1
2019-01-14,69,0,2.3,11.3
2019-01-15,80,0,1.6,7.2
2019-01-16,82,0,0.8,2.6
2019-01-17,80,0,1,1.5
2019-01-18,81,0,1,6.9
2019-01-19,79,0,1.3,2
2019-01-20,79,0,1.3,2.2
2019-01-21,87,3.05,1.4,14.3
2019-01-22,97,14.99,1.4,3.7
2019-01-23,93,27.94,0.8,2.2
2019-01-24,88,0,1.1,4.8
2019-01-25,87,6.1,1.8,4.1
2019-01-26,75,0,2.1,5.7
2019-01-27,73,0,1.9,16.3
2019-01-28,71,0,2.7,10.7
2019-01-29,68,0,2.4,5.7
2019-01-30,70,0,1.6,5.6
2019-01-31,78,0,1.9,8.3
2019-02-01,82,0,1.4,7.6
2019-02-02,92,0,0.8,10.2
2019-02-03,88,0,1.1,9.1
2019-02-04,76,0,2.1,4.6
2019-02-05,74,0,1.6,3.1
2019-02-06,82,0.76,1.8,6.1
2019-02-07,96,0,1.6,16.9
2019-02-08,72,5.08,2.1,9.4
2019-02-09,71,0,2.6,11.3
2019-02-10,74,0,1.8,8.3
2019-02-11,71,0,1.9,6.3
2019-02-12,75,0,1.1,2.8
2019-02-13,70,0,1.6,4.6
2019-02-14,88,1.02,1.4,11.3
2019-02-15,83,9.91,1.8,8.1
2019-02-16,87,0,1,7.2
2019-02-17,76,0,1.4,9.4
2019-02-18,70,0.51,2.1,8.1
2019-02-19,78,2.03,1.9,5
2019-02-20,86,2.03,1.9,5
2019-02-21,72,0.76,2.9,9.4
2019-02-22,76,0,1.9,16.1
2019-02-23,63,0,3.1,16.7
2019-02-24,63,0,3.2,9.4
2019-02-25,74,-,1.9,3.7
2019-02-26,80,0.25,1.9,5.6
2019-02-27,81,0,1.9,3.9
2019-02-28,74,0,2.3,7.8
2019-03-01,66,0,1.9,4.4
2019-03-02,91,0.51,1.1,5.4
2019-03-03,87,9.91,1.9,3.7
2019-03-04,71,0.25,1.9,7.4
2019-03-05,66,0,2.1,8.9
2019-03-06,62,0,2.6,7.2
2019-03-07,55,0,2.7,5.7
2019-03-08,60,0,2.7,5
2019-03-09,59,0,3.4,7.8
2019-03-10,57,0,3.4,5.6
2019-03-11,59,0.51,3.4,12
2019-03-12,54,0,2.9,5
2019-03-13,69,0,3.2,3.1
2019-03-14,71,1.02,2.6,7.6
2019-03-15,64,0,2.7,6.9
2019-03-16,59,0,2.7,6.1
2019-03-17,58,0,2.7,7
2019-03-18,60,0,2.6,4.3
2019-03-19,58,0,2.6,3.3
2019-03-20,51,0,2.9,5
2019-03-21,44,0,2.7,3.7
2019-03-22,44,0,3.2,10.7
2019-03-23,43,0,3.7,12.8
2019-03-24,49,0,3.2,8.9
2019-03-25,55,0,3.5,8.9
2019-03-26,57,0,3.2,10.7
2019-03-27,53,0,3.5,10.7
2019-03-28,53,0,2.9,4.3
2019-03-29,48,0,3.4,4.6
2019-03-30,45,-,2.9,8
2019-03-31,35,0.25,3.7,12.6
2019-04-01,41,0,3.9,12.4
2019-04-02,42,0,3.9,5
2019-04-03,41,0,3.5,9.1
2019-04-04,47,0,3.9,5
2019-04-05,53,0,2.9,6.3
2019-04-06,39,0,3.7,6.7
2019-04-07,57,6.1,1.8,10.7
2019-04-08,52,0,2.6,5.9
2019-04-09,48,0,3.2,4.6
2019-04-10,41,0,3.7,7.6
2019-04-11,38,0,3.7,5.7
2019-04-12,48,0.51,3.9,7.4
2019-04-13,42,0.25,3.7,12.8
2019-04-14,40,0,4.5,9.8
2019-04-15,36,0,3.7,9.4
2019-04-16,63,1.02,2.9,11.3
2019-04-17,66,1.02,2.4,12.2
2019-04-18,56,0.51,3.7,7.8
2019-04-19,50,0,3.7,9.4
2019-04-20,46,0,3.4,5.7
2019-04-21,41,0,3.5,9.3
2019-04-22,45,0,2.9,5
2019-04-23,40,0,3.4,7.4
2019-04-24,-,-,-,-
2019-04-25,-,-,-,-
2019-04-26,36,0,2.9,7.8
2019-04-27,-,-,-,-
2019-04-28,26,0,2.9,11.7
2019-04-29,30,0,3.1,8.7
2019-04-30,-,-,-,-
2019-05-01,39,0,2.6,5.4
2019-05-02,45,0,2.7,11.9
2019-05-03,46,0,3.2,7.6
2019-05-04,37,4.06,3.4,9.4
2019-05-05,34,0,3.1,10.6
2019-05-06,35,0,3.2,10.2
2019-05-07,40,0,2.6,10.7
2019-05-08,38,0,2.7,11.5
2019-05-09,38,0,2.6,13.7
2019-05-10,40,0,3.1,12.6
2019-05-11,47,0,2.9,9.1
2019-05-12,49,0,1.8,10.6
2019-05-13,52,0,1.9,8.9
2019-05-14,60,3.05,3.1,5.6
2019-05-15,72,0,2.3,8
2019-05-16,-,-,-,-
2019-05-17,-,-,-,-
2019-05-18,-,-,-,-
2019-05-19,-,-,-,-
2019-05-20,35,0,2.9,10.2
2019-05-21,34,0,3.1,7.8
2019-05-22,44,0,3.1,7.6
2019-05-23,45,4.06,2.6,8
2019-05-24,60,0,3.2,11.1
2019-05-25,41,0,3.7,11.5
2019-05-26,33,0,4,12
2019-05-27,29,0,3.4,10.2
2019-05-28,27,0,3.7,13.1
2019-05-29,30,0,4,9.1
2019-05-30,26,0,3.4,9.1
2019-05-31,27,0,3.1,7.6
2019-06-01,40,0,3.1,7.8
2019-06-02,44,0,2.7,9.4
2019-06-03,47,0,2.7,11.9
2019-06-04,45,0,2.7,9.3
2019-06-05,42,0,2.9,6.9
2019-06-06,34,0,3.2,7.8
2019-06-07,46,0,3.4,7
2019-06-08,36,0,3.1,6.7
2019-06-09,34,0,2.7,5.6
2019-06-10,25,0,2.9,6.7
2019-06-11,28,0,2.1,9.6
2019-06-12,42,0,2.7,10.9
2019-06-13,38,0,3.2,9.8
2019-06-14,29,0,3.4,11.3
2019-06-15,28,0,2.9,14.4
2019-06-16,55,0,3.1,14.1
2019-06-17,56,0.51,3.1,15.7
2019-06-18,59,10.92,3.4,12.4
2019-06-19,53,0,2.9,6.1
2019-06-20,50,0,3.5,6.7
2019-06-21,50,0,3.1,5.7
2019-06-22,46,0,3.7,8.3
2019-06-23,53,0,3.4,8.1
2019-06-24,65,0,3.1,10.4
2019-06-25,60,0,3.1,5.2
2019-06-26,52,0,2.7,6.7
2019-06-27,49,0,2.4,8
2019-06-28,42,0,3.1,9.8
2019-06-29,38,0,3.4,11.7
2019-06-30,37,0,2.7,13.7
2019-07-01,45,0,3.1,7.6
2019-07-02,53,0,2.6,6.5
2019-07-03,58,0,1.9,8.1
2019-07-04,75,0,1.9,8.5
2019-07-05,86,1.02,1.6,4.8
2019-07-06,64,24.89,2.7,7.8
2019-07-07,71,0,2.9,7.8
2019-07-08,65,0,2.7,6.7
2019-07-09,70,0.51,2.7,9.6
2019-07-10,62,0,2.4,9.4
2019-07-11,56,0,2.3,14.1
2019-07-12,55,0,2.1,11.7
2019-07-13,53,0,2.6,13.7
2019-07-14,58,0,2.7,11.3
2019-07-15,79,28.96,2.4,7.6
2019-07-16,80,3.05,2.6,8.5
2019-07-17,85,22.1,2.4,5.9
2019-07-18,87,11.94,2.4,4.6
2019-07-19,69,4.06,2.7,5.4
2019-07-20,77,0,2.4,5.2
2019-07-21,78,8.89,2.7,6.3
2019-07-22,79,50.04,2.4,5
2019-07-23,67,4.06,2.6,4.8
2019-07-24,69,0,2.3,7.8
2019-07-25,81,21.08,2.4,7.2
2019-07-26,86,0.51,2.1,7.6
2019-07-27,88,10.92,1.9,8.9
2019-07-28,81,3.05,2.3,11.7
2019-07-29,74,6.1,2.9,9.3
2019-07-30,74,0,3.4,8.9
2019-07-31,73,0,3.2,6.7
2019-08-01,68,0,3.2,7.8
2019-08-02,76,0,2.6,6.9
2019-08-03,81,0.51,2.1,7.6
2019-08-04,78,-,2.4,5.7
2019-08-05,77,0.51,1.9,5.2
2019-08-06,95,11.94,1.9,5.2
2019-08-07,77,22.1,2.4,7.2
2019-08-08,69,0,3.7,8.7
2019-08-09,73,1.02,3.4,15.4
2019-08-10,76,0,2.9,11.9
2019-08-11,68,0,3.2,8.9
2019-08-12,78,0.25,2.6,6.7
2019-08-13,81,2.03,2.9,8.5
2019-08-14,83,10.92,2.3,4.3
2019-08-15,78,10.92,2.9,10
2019-08-16,79,0,2.7,10.7
2019-08-17,91,7.11,2.4,11.1
2019-08-18,88,45.97,2.3,6.5
2019-08-19,70,2.03,2.7,6.1
2019-08-20,70,0,2.6,8.3
2019-08-21,69,0,2.9,8.1
2019-08-22,73,0.25,2.7,6.5
2019-08-23,68,0.51,2.9,6.5
2019-08-24,75,0,2.4,6.3
2019-08-25,81,0.25,2.1,6.7
2019-08-26,71,3.05,2.9,9.1
2019-08-27,67,0,3.1,5.4
2019-08-28,65,0,3.2,7.2
2019-08-29,66,0,3.1,7.8
2019-08-30,67,0,2.9,5.7
2019-08-31,68,0.76,2.6,5.9
2019-09-01,76,0.51,2.6,8
2019-09-02,69,0,2.7,4.3
2019-09-03,67,0,2.3,5.7
2019-09-04,75,0,2.3,5.9
2019-09-05,79,0,1.9,5.6
2019-09-06,73,0,1.9,6.5
2019-09-07,83,46.99,1.9,5.9
2019-09-08,74,46.99,2.1,3.9
2019-09-09,70,0,1.9,3.9
2019-09-10,70,0,1.9,1.5
2019-09-11,67,0,2.1,3.7
2019-09-12,71,0,2.4,8
2019-09-13,69,0,2.7,6.5
2019-09-14,70,0,2.9,8.3
2019-09-15,78,2.03,2.3,5.4
2019-09-16,69,0,2.6,4.4
2019-09-17,64,0,2.6,6.3
2019-09-18,67,0,3.1,7.8
2019-09-19,75,0,2.7,7.8
2019-09-20,68,0,3.1,6.7
2019-09-21,81,23.11,2.3,5.4
2019-09-22,82,0,2.7,7.6
2019-09-23,71,0,2.4,4.1
2019-09-24,72,0,2.7,5.7
2019-09-25,68,0,2.9,7.2
2019-09-26,73,0,3.4,8.7
2019-09-27,76,0,3.1,9.1
2019-09-28,75,-,3.2,9.4
2019-09-29,77,0.25,2.9,8.7
2019-09-30,79,0,2.6,5.6
2019-10-01,74,0,2.9,6.7
2019-10-02,68,0,3.1,4.3
2019-10-03,68,-,2.4,5.2
2019-10-04,73,0,2.7,7.8
2019-10-05,62,0,3.4,7.6
2019-10-06,63,0,3.1,5.9
2019-10-07,61,0,2.4,8.1
2019-10-08,58,0,3.5,6.7
2019-10-09,60,0,3.1,3.3
2019-10-10,59,0,2.7,3.3
2019-10-11,57,0,2.4,3.3
2019-10-12,63,0,2.3,3.3
2019-10-13,61,0,2.3,3.3
2019-10-14,63,0,2.3,3.7
2019-10-15,61,0,2.3,2.8
2019-10-16,63,0,2.1,2.8
2019-10-17,63,0,2.1,3.7
2019-10-18,58,0,2.4,6.9
2019-10-19,60,0,2.3,3.7
2019-10-20,54,0,2.3,5.6
2019-10-21,58,0,2.3,7.2
2019-10-22,54,0,2.9,8.7
2019-10-23,56,0,2.3,5.7
2019-10-24,60,0,1.9,2.8
2019-10-25,61,0,1.8,3.9
2019-10-26,65,0,1.9,1.9
2019-10-27,57,0,1.8,6.9
2019-10-28,57,0,1.6,4.6
2019-10-29,71,0,1,2.8
2019-10-30,64,0,1,3.3
2019-10-31,63,0,1,3
2019-11-01,66,0,0.6,1.7
2019-11-02,70,0,0.6,5
2019-11-03,74,0.25,0.6,7.8
2019-11-04,65,0,1.3,7.4
2019-11-05,60,0,1.8,10.2
2019-11-06,59,0,1.9,4.8
2019-11-07,80,0.76,1,5.6
2019-11-08,72,0,1.4,3.3
2019-11-09,63,0,1.6,5.4
2019-11-10,63,0,1.8,3.5
2019-11-11,64,0,0.8,2.4
2019-11-12,76,0,1,1.7
2019-11-13,71,0,0.6,0.9
2019-11-14,81,0,0.5,2.6
2019-11-15,75,0,0.5,1.5
2019-11-16,67,0,1.4,8.1
2019-11-17,59,0,2.1,7.8
2019-11-18,79,0,1.9,5.4
2019-11-19,71,0,1.9,4.1
2019-11-20,70,0,1.9,0.4
2019-11-21,72,0,1.3,0.7
2019-11-22,70,0,1.9,2.4
2019-11-23,72,0,1.9,7.6
2019-11-24,73,0,2.1,5.2
2019-11-25,74,0,1.4,1.1
2019-11-26,70,0,1.9,4.3
2019-11-27,76,0,1.4,5.6
2019-11-28,84,0,1.9,9.3
2019-11-29,83,0,2.3,4.8
2019-11-30,90,0,1.6,5.9
2019-12-01,78,0,1.6,4.1
2019-12-02,72,0,1.8,5.6
2019-12-03,66,0,1.8,5.7
2019-12-04,72,0,1.8,2
2019-12-05,78,0,0.6,1.5
2019-12-06,81,0,0.8,1.9
2019-12-07,85,0,1.3,0.6
2019-12-08,78,0,1,1.5
2019-12-09,76,0,1.1,1.9
2019-12-10,67,0,1.1,4.3
2019-12-11,80,0,0.8,1.9
2019-12-12,85,2.03,0.8,8.5
2019-12-13,94,34.04,1,7.2
2019-12-14,88,0.51,1.4,3
2019-12-15,87,0,1.3,6.5
2019-12-16,95,0,1.3,7.8
2019-12-17,90,0,1.3,5.7
2019-12-18,81,0,1,3.9
2019-12-19,94,0,0.3,3.1
2019-12-20,91,0,0.3,5.7
2019-12-21,90,0,0.6,5.7
2019-12-22,92,0,0.8,7.8
2019-12-23,91,0,0.6,3.7
2019-12-24,85,0,0.3,4.4
2019-12-25,93,0,0.8,8.1
2019-12-26,85,0,0.6,4.6
2019-12-27,83,0,0.6,3.3
2019-12-28,92,0,0.5,2.4
2019-12-29,85,0,0.6,3.3
2019-12-30,99,0,0.2,5.4
2019-12-31,84,0,1,4.8
2020-01-01,84,0,0.6,3.1
2020-01-02,80,0,0.8,2
2020-01-03,82,0,1.3,2
2020-01-04,81,0,0.8,4.6
2020-01-05,77,0,1.6,6.3
2020-01-06,78,0,1.1,3.5
2020-01-07,88,0,1.3,5.4
2020-01-08,99,6.1,0.6,5
2020-01-09,89,10.92,0.8,6.3
2020-01-10,82,0,0.8,5.7
2020-01-11,75,0,1,4.1
2020-01-12,74,0,1.6,4.4
2020-01-13,85,0.76,1,7.8
2020-01-14,89,0,1,4.3
2020-01-15,80,0,1,4.4
2020-01-16,95,0,0.8,5
2020-01-17,92,6.1,0.6,4.8
2020-01-18,90,0,0.6,4.4
2020-01-19,87,0,1,9.8
2020-01-20,89,0,0.6,5.2
2020-01-21,87,0,0.6,3.5
2020-01-22,88,0,0.6,8.1
2020-01-23,65,0,2.3,10.6
2020-01-24,67,0,2.6,10.4
2020-01-25,80,0,1.6,2.6
2020-01-26,73,0,1.3,5.2
2020-01-27,79,0,1,4.3
2020-01-28,90,6.1,1.3,8.3
2020-01-29,83,7.87,1.4,5
2020-01-30,82,0,1,5.6
2020-01-31,77,0,1.6,6.7
2020-02-01,82,0,1.4,3.3
2020-02-02,83,0,1.1,5.7
2020-02-03,74,0,2.1,4.4
2020-02-04,74,0,1.3,2.6
2020-02-05,76,0,1.8,5.4
2020-02-06,79,0,1.8,4.6
2020-02-07,79,0,1.1,3.9
2020-02-08,78,0,1.4,4.6
2020-02-09,77,0,1.6,3.1
2020-02-10,81,0,1.1,3.7
2020-02-11,73,0,1.3,1.5
2020-02-12,72,0,1.4,8.1
2020-02-13,67,0,1.8,12
2020-02-14,63,0,1.8,13.9
2020-02-15,61,0,1.9,14.1
2020-02-16,71,0,2.3,5.4
2020-02-17,66,0,2.1,7.6
2020-02-18,68,0,1.9,5
2020-02-19,70,0,1.9,8.9
2020-02-20,68,-,2.1,12.4
2020-02-21,85,2.03,2.6,9.8
2020-02-22,83,0,1.9,3.3
2020-02-23,77,0,1.9,3.1
2020-02-24,77,0,1.9,3.1
2020-02-25,79,0,1.4,3.1
2020-02-26,73,0,1.4,4.3
2020-02-27,82,0,1.8,4.6
2020-02-28,80,0,1.9,9.6
2020-02-29,88,19.05,1.8,11.5
2020-03-01,77,0,1.9,3.1
2020-03-02,81,0,1.9,1.3
2020-03-03,72,0,1.9,3.7
2020-03-04,73,-,1.9,8.5
2020-03-05,82,0.51,1.9,10.4
2020-03-06,93,20.07,1.8,9.6
2020-03-07,91,20.07,1.9,3.9
2020-03-08,79,99.06,1.9,5
2020-03-09,72,0,2.7,8.5
2020-03-10,71,0,2.4,6.1
2020-03-11,79,1.02,2.4,10.6
2020-03-12,75,1.02,1.9,6.1
2020-03-13,63,0,2.6,5.6
2020-03-14,88,0,1.9,4.8
2020-03-15,78,37.08,1.6,4.8
2020-03-16,75,0,1.8,6.7
2020-03-17,74,0,2.6,5.7
2020-03-18,71,0,2.7,5.6
2020-03-19,73,0,2.1,4.1
2020-03-20,72,0,1.9,3.7
2020-03-21,72,0,2.6,3.1
2020-03-22,69,0,2.3,3.9
2020-03-23,68,0,2.6,3.5
2020-03-24,75,0.51,1.9,4.8
2020-03-25,70,0,3.1,5.6
2020-03-26,75,0,1.9,8.7
2020-03-27,80,1.02,2.6,7.4
2020-03-28,69,5.08,2.6,5
2020-03-29,55,0,3.2,8.7
2020-03-30,57,0,2.7,9.1
2020-03-31,54,0,2.6,6.3
2020-04-01,56,0,2.3,6.3
2020-04-02,53,0,3.7,8.3
2020-04-03,51,0,3.1,7.2
2020-04-04,51,0,2.7,4.6
2020-04-05,57,0,2.6,4.1
2020-04-06,41,0,2.9,5.7
2020-04-07,50,0,2.7,8.1
2020-04-08,49,0,3.5,6.1
2020-04-09,57,0,3.5,4.6
2020-04-10,50,0,3.2,5
2020-04-11,46,0,3.2,4.8
2020-04-12,50,0,3.2,7.4
2020-04-13,49,0,3.5,6.7
2020-04-14,55,0,2.7,2.2
2020-04-15,40,0,2.7,5.6
2020-04-16,39,0,2.7,6.5
2020-04-17,41,2.03,3.5,8.3
2020-04-18,56,0,3.2,6.7
2020-04-19,58,7.11,3.1,3.9
2020-04-20,58,0,3.1,5.6
2020-04-21,56,0,3.5,4.8
2020-04-22,53,0,3.1,5.4
2020-04-23,55,0,3.1,5
2020-04-24,54,0,3.5,6.7
2020-04-25,55,0,4,5.6
2020-04-26,76,0.51,2.3,9.6
2020-04-27,70,20.07,2.7,12.8
2020-04-28,70,0,3.2,4.8
2020-04-29,64,0,1.9,7.6
2020-04-30,61,0,3.1,6.9
2020-05-01,64,0,3.1,8.1
2020-05-02,65,0,2.7,10.9
2020-05-03,81,11.94,1.9,8.7
2020-05-04,70,0.51,2.4,4.4
2020-05-05,62,0,3.1,6.1
2020-05-06,53,0,2.3,5.4
2020-05-07,43,0,3.2,5.4
2020-05-08,45,0,3.2,5.7
2020-05-09,48,0,2.3,6.5
2020-05-10,61,1.02,3.1,10.2
2020-05-11,58,0,1.9,6.1
2020-05-12,53,0,2.3,7
2020-05-13,57,0,1.9,6.3
2020-05-14,55,0.51,2.7,7
2020-05-15,41,0,3.1,7.4
2020-05-16,38,0,3.5,7.8
2020-05-17,39,0,2.3,4.4
2020-05-18,33,0,2.6,5.7
2020-05-19,33,0,2.6,3.1
2020-05-20,29,0,3.5,7.2
2020-05-21,31,0,4,7.4
2020-05-22,33,0,3.1,4.8
2020-05-23,25,0,4,8.5
2020-05-24,30,0,2.7,7.4
2020-05-25,34,0,3.1,9.4
2020-05-26,30,0,3.5,10
2020-05-27,26,0,4,9.4
2020-05-28,50,0,3.1,14.8
2020-05-29,70,0,2.3,10.6
2020-05-30,65,4.06,3.2,8
2020-05-31,78,8.89,2.6,6.7
2020-06-01,66,3.05,3.1,3
2020-06-02,56,0,2.7,8.5
2020-06-03,63,0.51,2.7,4.6
2020-06-04,66,0,1.9,6.9
2020-06-05,67,0,1.9,7.2
2020-06-06,64,1.02,3.2,5.4
2020-06-07,71,1.02,1.9,7.4
2020-06-08,63,6.1,1.9,5.2
2020-06-09,56,0,3.2,5.4
2020-06-10,59,0.51,3.5,7.2
2020-06-11,61,0,3.5,4.3
2020-06-12,60,0,1.9,5
2020-06-13,68,0,1.9,5.9
2020-06-14,57,0,3.1,8.1
2020-06-15,54,0,3.7,8.3
2020-06-16,56,0,3.2,9.1
2020-06-17,59,0,3.2,9.8
2020-06-18,55,0,3.5,8.3
2020-06-19,53,0,3.2,9.4
2020-06-20,71,5.08,2.7,9.8
2020-06-21,74,2.03,3.2,5.9
2020-06-22,68,43.94,3.2,7.2
2020-06-23,71,0,3.4,10.9
2020-06-24,82,14.99,2.6,10.2
2020-06-25,79,2.03,3.2,5.2
2020-06-26,71,0,3.7,9.4
2020-06-27,63,0,3.1,13.9
2020-06-28,56,0,2.9,15.6
2020-06-29,52,3.05,3.5,10.9
2020-06-30,73,0,3.1,8
2020-07-01,69,0,3.2,5.2
2020-07-02,64,0,2.6,7
2020-07-03,63,0,2.7,10.7
2020-07-04,61,0,3.5,12.2
2020-07-05,83,35.05,2.6,7
2020-07-06,76,0,2.3,6.5
2020-07-07,77,0.51,3.5,11.9
2020-07-08,79,0,2.3,9.8
2020-07-09,68,0,3.1,7.8
2020-07-10,67,0,2.7,12.6
2020-07-11,71,7.87,3.9,7.6
2020-07-12,71,0,3.7,7.6
2020-07-13,64,0,3.5,8.1
2020-07-14,69,0,2.3,7.2
2020-07-15,73,0,1.9,8.3
2020-07-16,79,0,1.9,5.7
2020-07-17,80,0,1.9,7.6
2020-07-18,79,4.06,1.9,6.5
2020-07-19,85,70.1,1.8,7
2020-07-20,81,2.03,2.7,5.2
2020-07-21,93,2.03,2.1,6.7
2020-07-22,95,29.97,1.9,6.7
2020-07-23,78,68.07,2.6,6.9
2020-07-24,76,0,2.6,8
2020-07-25,80,1.02,2.6,5.2
2020-07-26,74,0,3.2,6.1
2020-07-27,69,0.51,3.7,10.4
2020-07-28,70,0,4,8.7
2020-07-29,79,8.89,3.1,5.6
2020-07-30,77,0,3.1,9.1
2020-07-31,79,0.76,2.4,5.7
2020-08-01,80,0,2.1,6.9
2020-08-02,69,7.11,3.4,8.5
2020-08-03,70,0,3.5,11.1
2020-08-04,72,0,2.4,5.6
2020-08-05,86,12.95,1.9,5.2
2020-08-06,70,0,2.7,16.9
2020-08-07,70,0.25,2.9,10.2
2020-08-08,69,0,3.2,5
2020-08-09,81,1.02,2.7,4.8
2020-08-10,80,1.02,2.9,6.5
2020-08-11,79,0.51,2.6,5.9
2020-08-12,74,8.89,3.1,10.7
2020-08-13,97,68.07,1.9,5.9
2020-08-14,86,16,2.7,7.4
2020-08-15,79,0,2.9,6.9
2020-08-16,75,1.02,3.4,8.9
2020-08-17,88,0,1.9,8.1
2020-08-18,83,23.88,2.6,6.5
2020-08-19,98,7.87,1.9,6.9
2020-08-20,97,55.12,2.1,5.4
2020-08-21,76,7.87,3.7,7.8
2020-08-22,71,1.02,3.7,14.1
2020-08-23,78,0,3.2,11.5
2020-08-24,79,2.03,2.9,8.5
2020-08-25,78,0,3.2,6.3
2020-08-26,71,0,3.4,8.1
2020-08-27,67,0,3.7,8.7
2020-08-28,87,23.11,2.7,3.9
2020-08-29,77,0,2.4,4.4
2020-08-30,79,0,2.9,13.1
2020-08-31,75,0.51,3.5,10.6
2020-09-01,67,0,3.9,9.8
2020-09-02,72,0,3.5,3.9
2020-09-03,72,0,2.7,8.3
2020-09-04,76,0,2.7,6.1
2020-09-05,73,0.76,2.9,5.7
2020-09-06,75,19.05,3.1,5.4
2020-09-07,80,0,2.9,3.3
2020-09-08,71,1.02,2.9,4.1
2020-09-09,72,0,2.9,3.1
2020-09-10,74,0,1.9,6.1
2020-09-11,69,0,2.6,4.4
2020-09-12,64,0,3.2,2
2020-09-13,67,0,2.7,2.4
2020-09-14,70,0,2.9,2
2020-09-15,66,0,2.9,3.9
2020-09-16,62,0,3.4,7.4
2020-09-17,59,0,3.2,8.9
2020-09-18,59,0,3.2,8.7
2020-09-19,63,0,3.2,3.7
2020-09-20,64,0,3.2,4.3
2020-09-21,66,0,2.7,3.5
2020-09-22,67,0,3.2,7.6
2020-09-23,66,0,3.5,7.4
2020-09-24,69,0,3.2,3.7
2020-09-25,58,0,3.5,6.3
2020-09-26,62,0,3.2,8.5
2020-09-27,56,0,4,6.1
2020-09-28,55,0,3.5,6.7
2020-09-29,60,0,3.5,10
2020-09-30,54,0,3.4,8.5
2020-10-01,53,0,3.2,8.5
2020-10-02,58,0,3.4,4.8
2020-10-03,54,0,3.5,4.8
2020-10-04,53,0,3.5,6.1
2020-10-05,55,0,3.7,7.2
2020-10-06,55,0,3.1,7
2020-10-07,56,0,3.4,4.3
2020-10-08,58,0,2.9,4.3
2020-10-09,58,0,2.7,2
2020-10-10,59,0,2.7,5.7
2020-10-11,55,0,3.4,7.2
2020-10-12,56,0,2.7,1.5
2020-10-13,66,0,2.3,1.3
2020-10-14,65,0,1.9,1.1
2020-10-15,54,0,2.9,1.3
2020-10-16,48,0,2.7,2.2
2020-10-17,54,0,2.7,1.3
2020-10-18,48,0,2.6,3.7
2020-10-19,52,0,2.4,3.3
2020-10-20,49,0,2.9,3
2020-10-21,48,0,2.9,2.6
2020-10-22,55,0,1.8,0.9
2020-10-23,59,0,1.6,1.7
2020-10-24,54,0,1.3,3.1
2020-10-25,60,0,2.3,0.2
2020-10-26,57,0,1.8,2.4
2020-10-27,54,0,1.8,5
2020-10-28,54,0,1.8,2.4
2020-10-29,66,0,1.4,0.4
2020-10-30,60,0,1.6,1.7
2020-10-31,53,0,1.8,7.6
2020-11-01,52,0,1.6,8.1
2020-11-02,61,0,2.1,4.8
2020-11-03,62,0,1.9,2.6
2020-11-04,66,0,1,3
2020-11-05,62,0,1,3.7
2020-11-06,67,0,1,2.6
2020-11-07,70,0,0.5,2.2
2020-11-08,74,0,0.5,0.9
2020-11-09,75,0,0.3,2
2020-11-10,77,0,0.6,1.1
2020-11-11,76,0,1.4,1.9
2020-11-12,73,0,1.1,0.4
2020-11-13,62,0,1.9,2.2
2020-11-14,70,0,0.6,1.5
2020-11-15,66,0.51,1,6.9
2020-11-16,77,0,2.4,4.3
2020-11-17,73,0,2.1,3
2020-11-18,73,0,1.9,1.5
2020-11-19,68,0,1.8,2.2
2020-11-20,68,0,1.8,5
2020-11-21,68,0,1.9,4.6
2020-11-22,69,0,1.8,4.6
2020-11-23,67,0,1.3,0.4
2020-11-24,73,0,1,1.9
2020-11-25,78,0,0.5,3.3
2020-11-26,72,0,1.6,4.8
2020-11-27,69,0,2.1,5.9
2020-11-28,71,0,1.9,5.4
2020-11-29,67,0,2.6,2.6
2020-11-30,74,0,1.3,3.5
2020-12-01,74,0,1,1.3
2020-12-02,77,0,1.4,3.1
2020-12-03,78,0,1,2.6
2020-12-04,78,0,1.1,1.5
2020-12-05,81,0,1,3
2020-12-06,81,0,1,2.4
2020-12-07,84,0,0.5,3.1
2020-12-08,78,0,1,0.9
2020-12-09,74,0,1.4,1.1
2020-12-10,75,0,1.4,1.9
2020-12-11,81,0,1.3,1.5
2020-12-12,91,0,0.5,3.7
2020-12-13,83,0,1.3,5
2020-12-14,87,0,1.3,2.6
2020-12-15,85,0,1.1,4.4
2020-12-16,81,0,1.4,7.4
2020-12-17,81,0,1.1,9.1
2020-12-18,60,0,2.1,11.3
2020-12-19,59,0,1.8,8.7
2020-12-20,70,0,1.3,5.4
2020-12-21,69,0,1,4.1
2020-12-22,71,0,0.8,3
2020-12-23,78,0,0.5,1.1
2020-12-24,70,0,0.6,3.3
2020-12-25,74,0,1.1,3.5
2020-12-26,72,0,1.1,5.2
2020-12-27,68,0,1,5.4
2020-12-28,60,0,1.4,4.3
2020-12-29,73,0,1.4,5.7
2020-12-30,88,0,0.8,5.6
2020-12-31,82,0,0.5,4.8
2021-01-01,83,0,0.3,2.6
2021-01-02,89,1.02,0.8,5
2021-01-03,99,24.89,0.8,7.2
2021-01-04,96,14.99,0.6,4.6
2021-01-05,92,5.08,1.6,4.4
2021-01-06,96,59.94,0.5,7.8
2021-01-07,88,6.1,0.6,4.1
2021-01-08,91,0,0.5,2
2021-01-09,87,0,0.5,7.4
2021-01-10,83,0,0.8,7.4
2021-01-11,84,0,1,7.4
2021-01-12,94,0,0.3,2.2
2021-01-13,84,0,0.5,2.8
2021-01-14,82,0,0.3,2.2
2021-01-15,88,0,0.3,2
2021-01-16,85,0,0.3,4.3
2021-01-17,89,0,0.3,8.5
2021-01-18,83,0,0.6,4.3
2021-01-19,87,0,0.3,10.9
2021-01-20,84,0,0.6,10.9
2021-01-21,73,0,1.1,6.5
2021-01-22,86,0,0.5,5.9
2021-01-23,83,0,0.8,7
2021-01-24,95,0,0.2,5.7
2021-01-25,84,0,0.5,3
2021-01-26,76,0,1.3,3
2021-01-27,75,0,1.3,5.4
2021-01-28,82,0,1.1,1.3
2021-01-29,77,0,0.8,5.4
2021-01-30,71,0,1.6,6.7
2021-01-31,70,0,1.3,3.1
2021-02-01,71,0,1.3,1.5
2021-02-02,70,0,0.8,1.9
2021-02-03,68,0,1.6,7.4
2021-02-04,88,1.02,1,6.7
2021-02-05,81,2.03,1.4,2.8
2021-02-06,82,0,1.4,4.6
2021-02-07,74,0,1.6,7.4
2021-02-08,78,0,1.1,4.4
2021-02-09,83,0,1.3,2
2021-02-10,58,0,2.3,4.1
2021-02-11,-,-,-,-
2021-02-12,-,-,-,-
2021-02-13,67,0,2.6,1.5
2021-02-14,67,0,1.6,1.7
2021-02-15,70,0,1.9,2.4
2021-02-16,69,0,1.1,2.4
2021-02-17,69,0,1.8,1.7
2021-02-18,70,0,1.4,0.7
2021-02-19,72,0,1.3,7
2021-02-20,-,-,-,-
2021-02-21,85,0,1.6,2.2
2021-02-22,66,0,2.6,8.5
2021-02-23,60,0,2.7,4.8
2021-02-24,61,0,2.4,5.9
2021-02-25,63,0,2.7,7.8
2021-02-26,63,0,3.2,10.9
2021-02-27,59,0,3.4,8.7
2021-02-28,54,0,3.7,5.9
2021-03-01,59,0,4,8.5
2021-03-02,55,0,3.5,12.8
2021-03-03,57,0,3.2,8.9
2021-03-04,55,0,2.9,3.7
2021-03-05,56,0,3.5,11.1
2021-03-06,58,0,2.7,8.3
2021-03-07,58,0,2.9,7.8
2021-03-08,68,0,2.3,7.6
2021-03-09,66,0,2.6,7.2
2021-03-10,63,1.02,3.2,1.9
2021-03-11,60,0,2.7,4.6
2021-03-12,61,3.05,2.7,9.6
2021-03-13,59,8.89,3.2,4.3
2021-03-14,59,0,2.7,6.7
2021-03-15,57,0,3.4,8.5
2021-03-16,58,0,1.6,8
2021-03-17,54,0,2.4,5.9
2021-03-18,59,0,1.9,4.4
2021-03-19,52,0,2.6,3.9
2021-03-20,58,0,2.3,5.4
2021-03-21,52,0,3.1,3
2021-03-22,53,0,2.6,5.7
2021-03-23,51,0,2.7,10
2021-03-24,45,0,3.5,8.5
2021-03-25,52,0,4,10.2
2021-03-26,50,0,3.2,10.2
2021-03-27,55,0,3.4,5.4
2021-03-28,47,0,3.5,3
2021-03-29,39,0,3.5,6.5
2021-03-30,34,0,2.6,14.1
2021-03-31,30,0,4,15.2
2021-04-01,26,0,3.4,13.7
2021-04-02,31,0,3.7,7.8
2021-04-03,27,0,3.7,4.8
2021-04-04,27,0,3.4,7.8
2021-04-05,33,0,3.2,6.3
2021-04-06,42,0,1.9,4.8
2021-04-07,40,0,1.9,6.3
2021-04-08,37,0,2.7,7.2
2021-04-09,36,0,2.9,4.4
2021-04-10,35,0,3.2,5.9
2021-04-11,36,0,3.5,6.7
2021-04-12,35,0,2.7,5.2
2021-04-13,36,0,2.7,9.3
2021-04-14,37,0,3.1,8.3
2021-04-15,34,0,3.5,9.6
2021-04-16,44,0.76,2.4,6.7
2021-04-17,53,2.03,2.7,9.4
2021-04-18,51,0,3.1,4.6
2021-04-19,46,0,2.7,4.8
2021-04-20,44,0,2.7,11.1
2021-04-21,53,0,3.4,9.3
2021-04-22,55,0,3.1,7.2
2021-04-23,55,0.51,2.6,13.5
2021-04-24,43,0,3.2,5.6
2021-04-25,46,0,2.7,5.6
2021-04-26,40,0,3.1,5
2021-04-27,42,0,2.6,4.4
2021-04-28,35,0,2.3,7.8
2021-04-29,34,1.02,1.9,7.2
2021-04-30,40,0,1.9,4.3
2021-05-01,33,0,2.3,7
2021-05-02,43,0,2.3,3.9
2021-05-03,42,0,2.4,6.7
2021-05-04,39,0,2.7,6.3
2021-05-05,47,0,1.9,6.9
2021-05-06,58,1.02,2.3,8.5
2021-05-07,55,0,3.1,5.9
2021-05-08,43,0,3.1,4.3
2021-05-09,46,0,2.7,5
2021-05-10,43,0.51,3.1,9.8
2021-05-11,41,0.25,2.7,8.3
2021-05-12,44,0,3.1,6.5
2021-05-13,59,0.25,3.1,9.3
2021-05-14,49,0,3.1,8.5
2021-05-15,47,0,2.6,5.4
2021-05-16,41,0,3.2,1.7
2021-05-17,44,0,1.9,6.7
2021-05-18,69,0,1.9,6.5
2021-05-19,96,2.03,1.1,7.8
2021-05-20,82,119.13,1.8,6.5
2021-05-21,82,3.05,2.9,5.7
2021-05-22,65,19.05,3.5,3.9
2021-05-23,61,0,1.4,8.1
2021-05-24,49,0,3.1,8.1
2021-05-25,41,0,3.2,6.3
2021-05-26,39,0,3.2,3.9
2021-05-27,45,0,3.2,7.2
2021-05-28,56,0,3.2,8.5
2021-05-29,49,0,3.2,12.2
2021-05-30,55,0,2.6,9.3
2021-05-31,53,0,3.4,6.9
2021-06-01,72,16,3.2,5.7
2021-06-02,50,0,1.9,7.2
2021-06-03,58,0,2.7,4.4
2021-06-04,63,5.08,2.3,7.2
2021-06-05,55,0.51,2.6,7.2
2021-06-06,59,0,2.7,4.8
2021-06-07,52,0,3.2,5.4
2021-06-08,42,0,3.2,12
2021-06-09,43,0,2.7,11.5
2021-06-10,64,-,2.7,8.7
2021-06-11,63,7.87,2.1,7.2
2021-06-12,63,0,2.9,12.6
2021-06-13,67,0.51,3.1,4.6
2021-06-14,54,0,3.2,5.6
2021-06-15,59,0,2.9,8
2021-06-16,68,0,2.9,9.6
2021-06-17,63,0,3.1,6.7
2021-06-18,65,0,1.9,7.2
2021-06-19,68,0,2.3,9.4
2021-06-20,73,0.51,2.9,8.9
2021-06-21,61,0,3.1,5.4
2021-06-22,50,0,3.1,5.2
2021-06-23,50,0,2.6,4.8
2021-06-24,60,0,2.1,6.9
2021-06-25,50,-,2.7,5.9
2021-06-26,63,0,2.3,6.3
2021-06-27,58,5.08,2.1,5
2021-06-28,57,0,3.1,3.5
2021-06-29,45,0,3.1,4.4
2021-06-30,36,0,3.1,15.4
2021-07-01,40,0,3.5,12
2021-07-02,49,5.08,2.6,15.2
2021-07-03,58,19.05,2.7,6.7
2021-07-04,56,0,3.1,6.1
2021-07-05,52,0,3.4,7.4
2021-07-06,50,0,2.7,5.7
2021-07-07,46,0,3.5,7.8
2021-07-08,49,-,2.7,10.2
2021-07-09,65,8.89,2.7,8.1
2021-07-10,59,0,2.6,8
2021-07-11,67,0,3.1,10.9
2021-07-12,68,0,1.9,12
2021-07-13,91,24.89,1.8,6.7
2021-07-14,93,28.96,2.1,5.6
2021-07-15,77,23.11,2.6,5.6
2021-07-16,69,0,2.7,6.3
2021-07-17,65,0,2.9,4.3
2021-07-18,80,7.11,2.1,6.9
2021-07-19,99,70.1,1.9,2.6
2021-07-20,94,38.1,1.8,4.8
2021-07-21,84,59.94,2.3,5.9
2021-07-22,78,0,2.3,5.2
2021-07-23,78,0,3.2,5.4
2021-07-24,77,0.25,2.3,5.2
2021-07-25,68,0,3.5,6.3
2021-07-26,79,0,1.9,4.8
2021-07-27,94,-,1.8,4.8
2021-07-28,97,5.08,2.1,4.4
2021-07-29,92,5.08,2.1,3.3
2021-07-30,94,71.88,1.9,1.9
2021-07-31,85,43.94,3.1,5.4
2021-08-01,87,27.94,1.9,2.8
2021-08-02,85,12.95,1.9,2
2021-08-03,77,0,2.6,6.7
2021-08-04,73,0,3.2,5.6
2021-08-05,73,0,2.4,3.7
2021-08-06,70,0,2.4,2.6
2021-08-07,85,7.11,2.3,3
2021-08-08,91,14.99,1.9,2
2021-08-09,83,0,1.6,5
2021-08-10,69,0,2.9,8.1
2021-08-11,64,0,2.6,13.5
2021-08-12,64,0,3.1,9.4
2021-08-13,58,0,3.4,11.9
2021-08-14,57,0,3.5,6.5
2021-08-15,60,0,3.4,8.9
2021-08-16,60,0,3.5,5.7
2021-08-17,65,0,3.1,5.2
2021-08-18,62,0,2.3,3.7
2021-08-19,69,0,2.1,4.4
2021-08-20,92,10.92,1.9,7.4
2021-08-21,95,138.94,1.9,6.3
2021-08-22,82,8.89,1.9,5.6
2021-08-23,79,1.02,2.6,4.4
2021-08-24,81,2.03,2.6,4.8
2021-08-25,60,0,3.2,14.1
2021-08-26,63,0,2.7,12.2
2021-08-27,61,0,3.4,7
2021-08-28,68,0,2.6,6.1
2021-08-29,76,0,1.9,8.5
2021-08-30,75,0,3.1,7.8
2021-08-31,94,84.07,1.8,6.5
2021-09-01,99,76.96,1.4,6.5
2021-09-02,85,0,2.3,5.2
2021-09-03,74,2.03,2.9,5.4
2021-09-04,82,0.76,2.4,3
2021-09-05,77,0,3.2,5.4
2021-09-06,76,6.1,2.9,3.3
2021-09-07,81,5.08,2.4,4.4
2021-09-08,80,0,3.1,10.6
2021-09-09,82,0,1.9,9.1
2021-09-10,87,5.08,1.9,5.4
2021-09-11,99,95,1.4,6.5
2021-09-12,91,40.89,1.9,1.9
2021-09-13,92,2.03,1.9,1.5
2021-09-14,82,4.06,2.4,7.2
2021-09-15,74,0,3.7,6.3
2021-09-16,90,2.03,1.9,2.6
2021-09-17,81,12.95,2.3,6.3
2021-09-18,82,0,2.7,6.1
2021-09-19,74,0,3.2,6.9
2021-09-20,73,0,2.6,5.4
2021-09-21,79,4.06,3.1,4.8
2021-09-22,81,0,2.6,7.6
2021-09-23,80,0,2.3,4.8
2021-09-24,85,1.02,1.9,3.5
2021-09-25,81,4.06,3.1,3.3
2021-09-26,81,0,1.9,6.3
2021-09-27,77,0,2.3,3.3
2021-09-28,73,0,3.1,4.3
2021-09-29,73,0,2.7,6.3
2021-09-30,75,0,3.1,2.6
2021-10-01,79,2.03,2.3,1.9
2021-10-02,73,0,3.1,5.2
2021-10-03,72,0,3.1,7.2
2021-10-04,68,0.76,3.1,3.1
2021-10-05,70,0,3.1,2.4
2021-10-06,68,0.51,2.6,6.1
2021-10-07,71,0,2.6,4.4
2021-10-08,64,0,3.1,4.8
2021-10-09,63,0,3.7,2.2
2021-10-10,62,0,2.6,2.8
2021-10-11,64,0,3.2,1.9
2021-10-12,59,0,3.1,2.8
2021-10-13,57,0,2.3,2.8
2021-10-14,55,0,3.1,2.4
2021-10-15,55,0,3.1,5
2021-10-16,69,0,1.3,0.9
2021-10-17,94,3.05,1.9,7
2021-10-18,96,87.88,1.9,5.9
2021-10-19,76,0.51,2.9,8.9
2021-10-20,70,0,2.1,5
2021-10-21,54,0,3.2,6.1
2021-10-22,62,0,3.2,5.7
2021-10-23,67,0,2.7,3.7
2021-10-24,76,26.92,1.9,5.9
2021-10-25,78,0,2.7,2
2021-10-26,73,0,1.9,4.8
2021-10-27,69,0,1.9,4.8
2021-10-28,67,0,1.9,4.4
2021-10-29,68,0,1.8,2.2
2021-10-30,64,0,1.9,5.7
2021-10-31,66,0,1.9,4.6
2021-11-01,70,0,1.9,2
2021-11-02,68,0,1.9,2.2
2021-11-03,74,0,1.4,2.8
2021-11-04,79,0,0.5,2.6
2021-11-05,81,0,0.5,3
2021-11-06,67,0,0.8,4.4
2021-11-07,68,0,0.8,2.8
2021-11-08,70,0,0.8,3
2021-11-09,70,0,0.8,3.7
2021-11-10,64,0,0.8,4.3
2021-11-11,80,0,0.5,1.3
2021-11-12,79,0,0.3,2.4
2021-11-13,71,0,1.3,3
2021-11-14,68,0,1.1,0.7
2021-11-15,70,0,1,1.3
2021-11-16,70,0,0.6,2.6
2021-11-17,74,0,1.1,1.1
2021-11-18,74,0,0.8,0.4
2021-11-19,73,0,0.6,1.5
2021-11-20,72,0,0.8,2
2021-11-21,67,0,1.3,5
2021-11-22,55,0,1,8.5
2021-11-23,67,0,1,4.6
2021-11-24,73,0,0.8,1.3
2021-11-25,73,0,0.6,0.7
2021-11-26,79,0,0.5,1.3
2021-11-27,79,0,0.8,1.7
2021-11-28,79,0,0.5,0.4
2021-11-29,73,0,0.8,11.1
2021-11-30,73,0,0.8,2.8
2021-12-01,81,0,0.6,0.7
2021-12-02,87,1.02,0.5,1.7
2021-12-03,83,0,0.5,2.6
2021-12-04,75,0,1.1,1.9
2021-12-05,79,-,1,0.7
2021-12-06,80,0.76,1,2
2021-12-07,70,0,1.3,4.6
2021-12-08,73,0,1.8,2.4
2021-12-09,76,0,1.4,2.2
2021-12-10,75,0,1,3.5
2021-12-11,69,0,1.4,3.7
2021-12-12,71,0,1.4,2.6
2021-12-13,74,0,1.3,0.9
2021-12-14,78,0,0.8,1.9
2021-12-15,76,0,0.8,2.8
2021-12-16,72,0,0.5,2.8
2021-12-17,66,0,0.8,6.1
2021-12-18,69,0,0.8,10
2021-12-19,68,0,1.4,6.7
2021-12-20,70,0,1.1,2
2021-12-21,67,0,1.1,2.4
2021-12-22,70,0,1,1.1
2021-12-23,75,0,0.3,2
2021-12-24,78,0,0.5,1.9
2021-12-25,81,0,0.6,1.3
2021-12-26,86,1.02,0.3,2.4
2021-12-27,76,3.05,1,0.7
2021-12-28,95,0,0.8,1.9
2021-12-29,75,4.06,0.8,3.1
2021-12-30,70,0,1,1.5
2021-12-31,72,0,1,3
2022-01-01,78,0,0.8,2.8
2022-01-02,78,0,0.5,2
2022-01-03,74,0,0.6,2
2022-01-04,71,0,0.6,2.2
2022-01-05,95,0,0.5,3.5
2022-01-06,83,8.89,0.6,7
2022-01-07,87,0,1,10.6
2022-01-08,99,40.89,1,9.4
2022-01-09,97,7.87,1,7.6
2022-01-10,85,5.08,0.8,2.6
2022-01-11,84,0,0.8,5.7
2022-01-12,81,0,0.5,3.9
2022-01-13,89,0,0.2,0
2022-01-14,90,0,0.3,1.1
2022-01-15,90,0,0.3,4.3
2022-01-16,81,0,0.6,4.1
2022-01-17,82,0,0.6,5
2022-01-18,85,0,0.5,6.3
2022-01-19,83,0,0.5,2.2
2022-01-20,88,0,0.3,3.7
2022-01-21,82,0,0.5,3.7
2022-01-22,93,5.08,0.5,8.3
2022-01-23,92,20.07,0.5,2.8
2022-01-24,89,0,0.5,0.9
2022-01-25,88,0,0.5,5.9
2022-01-26,85,0,0.8,4.6
2022-01-27,78,0,1.6,8
2022-01-28,66,0,1.6,7.2
2022-01-29,67,0,1.4,5
2022-01-30,69,0,1.4,8.5
2022-01-31,82,0,0.6,4.4
2022-02-01,81,0,0.5,5.7
2022-02-02,88,0,1.1,9.1
2022-02-03,84,0.51,0.8,13.1
2022-02-04,80,1.02,1.3,6.9
2022-02-05,73,0,1,3
2022-02-06,62,0,1.4,2.6
2022-02-07,62,0,2.3,3.1
2022-02-08,69,0,1.6,3.1
2022-02-09,76,17.02,1.3,6.7
2022-02-10,67,0,1.1,9.4
2022-02-11,56,0,2.3,10.4
2022-02-12,54,0,2.3,9.1
2022-02-13,54,0,2.3,3
2022-02-14,52,0,2.1,3.3
2022-02-15,52,0,2.4,4.3
2022-02-16,60,0,1.8,4.1
2022-02-17,52,0,2.4,4.4
2022-02-18,49,0,2.4,3.9
2022-02-19,51,0,2.6,5.6
2022-02-20,59,0,2.3,12.4
2022-02-21,45,0,3.4,6.3
2022-02-22,55,0,2.9,13
2022-02-23,73,0,1.8,6.7
2022-02-24,66,0,1.6,3.3
2022-02-25,63,2.03,1.8,6.1
2022-02-26,64,9.91,2.6,13
2022-02-27,60,1.02,3.1,4.6
2022-02-28,52,0,2.9,6.1
2022-03-01,59,0,2.6,5.2
2022-03-02,61,0,1.9,5
2022-03-03,56,0,2.7,4.8
2022-03-04,63,0,2.3,8
2022-03-05,64,0,1.9,7.6
2022-03-06,68,0,1.9,3.1
2022-03-07,64,0,1.8,3
2022-03-08,62,0,1.9,4.6
2022-03-09,50,0,1.9,5.6
2022-03-10,60,0,1.9,7
2022-03-11,72,0,1.8,4.4
2022-03-12,52,0,3.1,9.3
2022-03-13,62,0,1.9,5.4
2022-03-14,67,0,1.6,3.9
2022-03-15,61,0,1.9,3.7
2022-03-16,58,0,2.3,10.7
2022-03-17,64,0,1.9,3.5
2022-03-18,66,0,1.8,5.6
2022-03-19,63,0,2.3,3.1
2022-03-20,47,0,2.9,4.8
2022-03-21,57,0,1.9,5.4
2022-03-22,47,0,2.1,9.1
2022-03-23,49,0,1.9,4.8
2022-03-24,49,0,2.3,5.4
2022-03-25,51,0,1.9,9.3
2022-03-26,42,0,1.8,12.8
2022-03-27,41,0,2.6,6.5
2022-03-28,41,0,2.7,4.6
2022-03-29,40,0,2.6,4.4
2022-03-30,46,0,2.1,3
2022-03-31,47,0,1.8,4.4
2022-04-01,39,0,2.6,5.6
2022-04-02,42,0,2.6,3
2022-04-03,38,0,3.2,3.9
2022-04-04,37,0,2.6,6.5
2022-04-05,35,0,2.6,5.2
2022-04-06,34,0,2.9,5.9
2022-04-07,34,0,2.9,5.4
2022-04-08,34,0,3.1,4.6
2022-04-09,34,0,2.6,3.7
2022-04-10,35,0,2.7,3.7
2022-04-11,35,0,2.7,5.7
2022-04-12,37,0,2.9,5.4
2022-04-13,38,0,2.1,6.1
2022-04-14,33,0,2.6,10.2
2022-04-15,41,0,2.6,3
2022-04-16,40,0,2.7,3.1
2022-04-17,39,0,2.4,4.3
2022-04-18,40,0,2.3,2.6
2022-04-19,33,0,1.9,7.8
2022-04-20,32,0,1.9,7.2
2022-04-21,39,0,1.9,6.9
2022-04-22,42,0.25,3.2,2.8
2022-04-23,37,0,1.8,4.1
2022-04-24,30,0,1.9,10.2
2022-04-25,32,0,2.3,11.3
2022-04-26,36,0,1.9,3.3
2022-04-27,33,0,2.1,5.4
2022-04-28,37,0,2.3,5.4
2022-04-29,27,0,3.1,6.7
2022-04-30,31,0,3.1,4.6
2022-05-01,44,0,1.9,8.3
2022-05-02,50,0,2.6,9.1
2022-05-03,54,0,1.9,6.1
2022-05-04,58,1.02,1.9,10.7
2022-05-05,58,0,1.9,4.8
2022-05-06,48,0,1.9,3.9
2022-05-07,49,0,2.6,3.1
2022-05-08,47,0,2.3,8.3
2022-05-09,51,0,3.1,8.1
2022-05-10,52,0,2.7,8.1
2022-05-11,52,0,2.6,6.9
2022-05-12,47,0,2.3,8
2022-05-13,54,0,2.6,5.7
2022-05-14,31,0,2.6,5.7
2022-05-15,32,0,3.1,6.3
2022-05-16,24,0,1.9,12.8
2022-05-17,42,0,1.9,7.6
2022-05-18,36,0,1.9,8.7
2022-05-19,43,0,1.9,3.9
2022-05-20,33,0,3.1,7.4
2022-05-21,36,0.76,2.3,10
2022-05-22,41,0.76,3.5,5.7
2022-05-23,70,11.94,2.6,14.3
2022-05-24,69,14.99,3.2,6.7
2022-05-25,64,0,2.3,5.6
2022-05-26,52,0,2.9,4.1
2022-05-27,48,0,2.6,10.2
2022-05-28,47,0,2.9,6.5
2022-05-29,47,0,2.9,9.1
2022-05-30,61,18.03,2.7,8.9
2022-05-31,53,0,2.6,4.1
2022-06-01,35,0,2.9,6.3
2022-06-02,37,0,2.9,4.3
2022-06-03,26,0,3.4,7.6
2022-06-04,26,0,3.1,6.7
2022-06-05,21,0,3.4,10.4
2022-06-06,26,0,3.1,7
2022-06-07,25,0,2.9,14.3
2022-06-08,24,0,2.1,13
2022-06-09,28,0,2.7,8.1
2022-06-10,29,0,2.3,15.9
2022-06-11,27,0,2.9,13
2022-06-12,26,0,2.7,13.3
2022-06-13,32,0,3.1,12.8
2022-06-14,40,0,2.6,16.3
2022-06-15,38,-,3.7,16.1
2022-06-16,50,2.03,3.1,9.6
2022-06-17,76,7.11,2.3,11.3
2022-06-18,74,12.95,1.6,8.5
2022-06-19,77,1.02,2.3,4.6
2022-06-20,66,0,2.3,6.5
2022-06-21,67,0.76,2.6,8
2022-06-22,66,0,2.4,8
2022-06-23,56,0,2.6,6.3
2022-06-24,50,0,2.1,5.4
2022-06-25,51,0,2.3,4.4
2022-06-26,60,0,2.7,7.8
2022-06-27,57,0,1.9,7.8
2022-06-28,60,0,1.9,6.5
2022-06-29,59,0,2.6,9.4
2022-06-30,90,0,1.4,7.4
2022-07-01,86,117.09,1.8,5
2022-07-02,76,2.03,2.1,6.7
2022-07-03,73,0,2.6,7.2
2022-07-04,74,0,1.9,4.4
2022-07-05,67,0.51,2.3,5.6
2022-07-06,67,0,1.9,9.3
2022-07-07,65,0,2.3,8.7
2022-07-08,61,0,1.9,6.7
2022-07-09,74,0,1.9,9.1
2022-07-10,76,0,3.1,6.1
2022-07-11,71,1.02,2.3,4.4
2022-07-12,85,2.03,1.6,4.6
2022-07-13,76,0,2.3,4.4
2022-07-14,73,0,1.9,7.2
2022-07-15,65,0,2.6,9.6
2022-07-16,87,20.07,1.9,5.2
2022-07-17,84,1.02,1.9,4.4
2022-07-18,77,0,1.9,3.7
2022-07-19,84,9.91,2.3,6.3
2022-07-20,92,55.12,1.8,5.7
2022-07-21,82,0,1.9,2
2022-07-22,90,0.25,1.1,4.8
2022-07-23,82,8.89,1.8,8.9
2022-07-24,77,0,1.9,6.7
2022-07-25,77,0,1.9,9.3
2022-07-26,78,2.03,1.8,8.5
2022-07-27,79,0,1.9,5.9
2022-07-28,90,20.07,1.9,3.7
2022-07-29,88,3.05,1.9,6.1
2022-07-30,87,20.07,1.6,4.4
2022-07-31,85,12.95,1.9,3.3
2022-08-01,79,1.02,1.8,8.3
2022-08-02,72,0,2.1,4.6
2022-08-03,78,7.11,1.8,3.5
2022-08-04,82,0,1.9,5.4
2022-08-05,92,0.76,1.6,3
2022-08-06,80,8.89,1.9,3.5
2022-08-07,92,0,1.6,4.6
2022-08-08,76,3.05,1.9,2.6
2022-08-09,72,0,3.1,4.6
2022-08-10,69,0,3.1,8.5
2022-08-11,78,0,1.9,9.4
2022-08-12,67,0,2.6,8.9
2022-08-13,74,0,2.7,6.3
2022-08-14,85,5.08,2.6,7.4
2022-08-15,79,0,2.3,8.3
2022-08-16,81,0,1.9,13.1
2022-08-17,77,2.03,1.9,11.1
2022-08-18,78,0,2.7,7.8
2022-08-19,75,0,2.3,9.1
2022-08-20,81,0,1.9,4.8
2022-08-21,76,7.11,1.9,3.1
2022-08-22,75,0,1.9,10
2022-08-23,78,0,1.8,12.2
2022-08-24,82,6.1,1.9,8.5
2022-08-25,76,0,1.9,3.5
2022-08-26,71,0,2.4,6.5
2022-08-27,70,0.25,1.8,11.5
2022-08-28,67,0,2.6,8.1
2022-08-29,73,1.02,2.6,5
2022-08-30,77,0.25,1.9,2.8
2022-08-31,66,0,2.4,6.1
2022-09-01,62,0,2.6,4.8
2022-09-02,78,8.89,1.9,4.6
2022-09-03,58,0,2.9,10
2022-09-04,62,0,2.6,7.4
2022-09-05,62,0,2.6,6.5
2022-09-06,65,0,1.9,6.5
2022-09-07,61,0,1.9,2.6
2022-09-08,65,0,1.9,3.1
2022-09-09,67,0,2.3,5.4
2022-09-10,74,0,1.9,7.8
2022-09-11,68,0,2.1,6.7
2022-09-12,68,-,2.1,7.4
2022-09-13,74,8.89,1.9,9.8
2022-09-14,86,0,1.9,8.5
2022-09-15,91,12.95,1.6,9.1
2022-09-16,99,4.06,1,4.8
2022-09-17,80,10.92,1.6,4.6
2022-09-18,76,0,1.9,2.4
2022-09-19,83,6.1,1.6,2
2022-09-20,82,0.25,1.4,3.9
2022-09-21,88,3.05,1.3,3.1
2022-09-22,97,38.1,1.4,6.1
2022-09-23,99,13.97,1.1,4.4
2022-09-24,99,19.05,1.3,8.5
2022-09-25,83,0,1.9,5.9
2022-09-26,84,0,1.6,2.6
2022-09-27,75,0,1.8,3.9
2022-09-28,72,0,1.8,3.7
2022-09-29,73,0,1.9,3.7
2022-09-30,77,0,1.8,3.9
2022-10-01,74,0,1.9,3.9
2022-10-02,65,0,1.8,4.3
2022-10-03,62,0,1.9,8.1
2022-10-04,71,0,1.9,3.1
2022-10-05,73,0,1.8,3.9
2022-10-06,79,0,1.8,7.8
2022-10-07,91,0.25,1.4,8.5
2022-10-08,100,24.89,1,9.4
2022-10-09,99,73.91,1.3,9.4
2022-10-10,98,22.1,1.3,4.8
2022-10-11,90,7.11,1.6,0
2022-10-12,84,0.51,1.6,3.7
2022-10-13,76,0,1.8,3.1
2022-10-14,68,0,1.9,4.8
2022-10-15,73,0,1.4,1.5
2022-10-16,73,0,1.6,1.9
2022-10-17,67,0,1.6,3.9
2022-10-18,68,0,1.6,2.2
2022-10-19,64,0,1.9,0.7
2022-10-20,69,0,1.6,0.4
2022-10-21,60,0,1.6,2.2
2022-10-22,67,0,1.6,3.5
2022-10-23,67,0,1.4,0.7
2022-10-24,67,0,1.4,2.6
2022-10-25,63,0,1.4,5.7
2022-10-26,70,0,1.6,2.4
2022-10-27,66,0,1.4,1.9
2022-10-28,76,0,1,0.7
2022-10-29,76,0,1,1.1
2022-10-30,71,0,1,2.6
2022-10-31,74,0,1.1,1.7
2022-11-01,74,0,0.8,1.5
2022-11-02,73,0,1,2.6
2022-11-03,76,0,0.6,2
2022-11-04,78,0,0.8,0.9
2022-11-05,82,0,1,3.7
2022-11-06,76,0,1,2.8
2022-11-07,70,0,1.4,1.7
2022-11-08,74,0,1,1.7
2022-11-09,72,0,1.8,1.7
2022-11-10,72,0,1.4,2
2022-11-11,65,0,1.4,4.4
2022-11-12,63,0,1.3,4.4
2022-11-13,69,0,1.6,3.9
2022-11-14,65,0,1.4,2.6
2022-11-15,69,0,1.6,1.1
2022-11-16,59,0,1.4,2
2022-11-17,67,0,1.6,4.3
2022-11-18,64,0,1.4,2.4
2022-11-19,67,0,1.4,1.9
2022-11-20,66,0,1.3,2.2
2022-11-21,68,0,1.4,3
2022-11-22,60,0,1.4,5.7
2022-11-23,60,0,1.6,5.7
2022-11-24,63,0,1.4,1.9
2022-11-25,68,0,1.6,1.7
2022-11-26,67,0,1,3.1
2022-11-27,68,0,1.1,0.9
2022-11-28,66,0,1,1.5
2022-11-29,77,0,0.8,1.3
2022-11-30,74,0,1,2.8
2022-12-01,73,0,0.8,3
2022-12-02,74,0,0.8,2
2022-12-03,79,0,0.8,0.4
2022-12-04,79,0,0.8,1.7
2022-12-05,72,0,0.8,1.1
2022-12-06,74,0,0.8,6.1
2022-12-07,69,0,0.8,8
2022-12-08,66,0,1.1,3.9
2022-12-09,69,0,1.4,2.8
2022-12-10,73,0,1,1.5
2022-12-11,73,0,1.1,2.8
2022-12-12,67,0,1.4,3.5
2022-12-13,58,0,1.6,8.3
2022-12-14,62,0,1.8,5.7
2022-12-15,67,0,1.9,4.6
2022-12-16,64,0,1.8,4.3
2022-12-17,66,0,1.6,3
2022-12-18,77,0,0.8,2.4
2022-12-19,79,0,0.6,2.4
2022-12-20,74,0,0.8,3.5
2022-12-21,78,0,0.6,0.4
2022-12-22,80,0,0.6,3
2022-12-23,80,0,0.6,0.7
2022-12-24,74,0,1.1,5.6
2022-12-25,84,111,0.6,6.1
2022-12-26,93,0,0.3,1.9
2022-12-27,80,0,0.6,8.9
2022-12-28,66,0,1.4,6.9
2022-12-29,69,0,1.3,3.3
2022-12-30,75,0,0.6,3.9
2022-12-31,81,0,0.8,6.7
2023-01-01,78,0,1.4,2.6
2023-01-02,85,0,0.5,0
2023-01-03,83,0,0.5,3.1
2023-01-04,85,0,0.8,2
2023-01-05,84,0,0.3,3.7
2023-01-06,82,0,0.5,1.7
2023-01-07,83,0,0.6,2.4
2023-01-08,86,0,0.5,4.4
2023-01-09,88,0,0.3,0.6
2023-01-10,87,0,0.3,5.4
2023-01-11,84,0,0.6,7.4
2023-01-12,83,0,0.8,6.7
2023-01-13,84,0,0.8,6.3
2023-01-14,73,0,1.4,6.9
2023-01-15,59,0,1.9,5.6
2023-01-16,62,0,1,2.8
2023-01-17,62,0,1.6,3.7
2023-01-18,65,0,1.4,2
2023-01-19,60,0,1.3,1.9
2023-01-20,68,0,1.6,3.7
2023-01-21,74,0,1,1.9
2023-01-22,71,0,0.6,1.5
2023-01-23,69,0,1.3,1.3
2023-01-24,84,0,1.4,7.8
2023-01-25,88,0,0.6,3.1
2023-01-26,90,0,0.5,7.6
2023-01-27,65,0,1.8,7.8
2023-01-28,68,0,1.9,4.8
2023-01-29,93,4.06,0.8,5.2
2023-01-30,92,20.07,1.3,3.7
2023-01-31,88,0,1,11.9
2023-02-01,75,0,1.4,11.1
2023-02-02,63,0,1.9,10.2
2023-02-03,64,0,1.9,6.9
2023-02-04,61,0,1.8,10.2
2023-02-05,67,0,1.8,7.2
2023-02-06,65,0,2.6,3.7
2023-02-07,59,0,2.4,8.3
2023-02-08,65,0,1.9,7.4
2023-02-09,62,0,1.8,6.9
2023-02-10,66,0,1.9,4.3
2023-02-11,70,0,1.4,7.6
2023-02-12,49,0,1.9,13.7
2023-02-13,40,0,1.9,17.6
2023-02-14,47,0,2.6,7.2
2023-02-15,56,0,2.3,9.4
2023-02-16,71,0,1.4,2.2
2023-02-17,72,0,1.3,2.4
2023-02-18,69,0,1.3,2.2
2023-02-19,71,0,1.1,1.7
2023-02-20,69,0,1.3,0.7
2023-02-21,67,0,1.8,3.9
2023-02-22,67,0,1,4.3
2023-02-23,57,0,2.6,5.6
2023-02-24,59,0,1.9,5.7
2023-02-25,64,0,1.6,3.5
2023-02-26,58,0,2.1,2.6
2023-02-27,60,0,1.9,2.8
2023-02-28,59,0,1.9,5.7
2023-03-01,61,0,1.8,2.6
2023-03-02,57,0,2.3,3
2023-03-03,54,0,2.7,6.3
2023-03-04,62,0,1.9,11.5
2023-03-05,56,0,2.1,5
2023-03-06,57,0,2.6,5.2
2023-03-07,52,0,2.6,4.3
2023-03-08,60,0,1.9,4.8
2023-03-09,63,0,1.9,2.8
2023-03-10,60,0,2.4,5.4
2023-03-11,49,0,2.3,3.1
2023-03-12,54,0,2.3,1.7
2023-03-13,60,0,1.9,3.3
2023-03-14,57,0,2.4,5.6
2023-03-15,52,0,2.6,2.2
2023-03-16,51,0,1.9,2.2
2023-03-17,60,0,1.8,2.4
2023-03-18,83,2.03,1.8,7.4
2023-03-19,82,0,1.4,2.8
2023-03-20,78,1.02,1.9,7.2
2023-03-21,81,9.91,1.6,2
2023-03-22,70,0,1.4,3
2023-03-23,60,0,2.6,4.8
2023-03-24,79,3.05,1.8,9.3
2023-03-25,72,11.94,1.9,4.8
2023-03-26,59,0,2.3,4.6
2023-03-27,60,0,2.6,7.8
2023-03-28,60,0,2.3,5.4
2023-03-29,59,8.89,1.9,3
2023-03-30,72,14.99,1.6,5.6
2023-03-31,80,0,1.8,3
2023-04-01,77,3.05,1.9,2.6
2023-04-02,70,0,1.8,4.6
2023-04-03,64,0,2.3,2
2023-04-04,64,16,2.6,7
2023-04-05,55,0,1.9,6.3
2023-04-06,48,0,2.7,4.3
2023-04-07,43,0,2.7,5.7
2023-04-08,40,0,3.1,4.3
2023-04-09,44,0,2.3,3.9
2023-04-10,43,0,1.9,4.4
2023-04-11,40,0,2.6,7.6
2023-04-12,45,0,2.6,6.1
2023-04-13,43,0,1.9,5.4
2023-04-14,38,0,1.8,5.6
2023-04-15,35,0,2.6,3.7
2023-04-16,39,0,2.3,2.2
2023-04-17,47,0,2.3,3.7
2023-04-18,41,0,2.9,8.7
2023-04-19,44,0,2.6,7.4
2023-04-20,45,0.51,2.7,6.7
2023-04-21,42,0,2.6,8.9
2023-04-22,38,0,2.7,6.5
2023-04-23,41,0,2.7,5
2023-04-24,46,0,1.9,3.9
2023-04-25,49,0,1.9,4.4
2023-04-26,48,0,1.9,3.1
2023-04-27,43,0,2.6,6.7
2023-04-28,52,0,1.9,3.9
2023-04-29,54,0,1.9,6.7
2023-04-30,72,0,1.9,4.4
2023-05-01,88,1.02,1.4,6.3
2023-05-02,82,14.99,1.8,9.3
2023-05-03,88,0,1.9,3.7
2023-05-04,75,29.97,1.6,2.4
2023-05-05,68,0,1.9,3.1
2023-05-06,54,0,1.8,6.5
2023-05-07,59,4.06,1.9,5.9
2023-05-08,64,0,1.9,5.7
2023-05-09,40,0,1.9,3.7
2023-05-10,40,0,2.3,7.2
2023-05-11,46,0,1.9,3.5
2023-05-12,40,0,3.1,5.2
2023-05-13,43,0,1.9,5.4
2023-05-14,41,0,1.9,6.7
2023-05-15,37,0,3.1,13
2023-05-16,42,0,1.4,8.3
2023-05-17,45,-,2.1,7
2023-05-18,62,9.91,2.3,8.5
2023-05-19,50,0,1.9,6.9
2023-05-20,47,0,3.1,5.7
2023-05-21,42,0,2.7,4.6
2023-05-22,41,0,2.7,10.6
2023-05-23,38,0,2.3,15.9
2023-05-24,54,0,1.9,9.6
2023-05-25,57,0,2.7,10
2023-05-26,57,2.03,2.1,5.6
2023-05-27,71,16,2.6,6.5
2023-05-28,69,2.03,2.4,6.9
2023-05-29,79,7.11,2.3,4.4
2023-05-30,69,1.02,2.7,3.1
2023-05-31,81,23.11,1.8,9.6
2023-06-01,76,0,1.8,3.1
2023-06-02,63,0.25,2.6,3
2023-06-03,57,0,2.9,4.4
2023-06-04,72,3.05,1.9,7.4
2023-06-05,60,0,2.7,8.5
2023-06-06,56,0.51,3.1,8.1
2023-06-07,51,0,2.9,7.4
2023-06-08,48,0,2.6,5.7
2023-06-09,46,0,3.1,13.1
2023-06-10,47,0,2.6,10.4
2023-06-11,53,0.51,2.9,8
2023-06-12,53,0,1.9,8.7
2023-06-13,47,0,1.9,16.3
2023-06-14,51,0,2.7,14.6
2023-06-15,59,0,2.7,7.6
2023-06-16,68,7.11,1.9,8.7
2023-06-17,64,0,1.9,6.1
2023-06-18,64,0,1.9,9.8
2023-06-19,82,5.08,1.9,4.4
2023-06-20,68,4.06,1.9,7
2023-06-21,71,0,1.9,6.7
2023-06-22,69,2.03,1.9,5.4
2023-06-23,69,0.51,1.8,6.3
2023-06-24,70,0,1.9,7.6
2023-06-25,96,48.01,1.6,4.4
2023-06-26,79,2.03,1.8,4.1
2023-06-27,84,6.1,1.8,4.4
2023-06-28,79,0,1.9,4.1
2023-06-29,86,17.02,1.8,6.1
2023-06-30,92,5.08,1.9,4.4
2023-07-01,80,26.92,1.8,5.7
2023-07-02,71,0,1.9,5.7
2023-07-03,68,0,1.9,6.3
2023-07-04,75,0.25,1.9,10.7
2023-07-05,81,5.08,1.8,6.5
2023-07-06,86,2.03,1.9,8
2023-07-07,78,0,1.9,6.3
2023-07-08,98,3.05,0.8,0
2023-07-09,99,152.91,1.1,2
2023-07-10,97,106.93,1.6,0.9
2023-07-11,88,7.87,1.8,1.5
2023-07-12,83,0,1.4,2
2023-07-13,84,1.02,1.8,6.1
2023-07-14,82,2.03,1.9,1.1
2023-07-15,83,0,1.9,3
2023-07-16,85,12.95,1.9,3
2023-07-17,82,7.87,1.8,3.9
2023-07-18,89,0,1.8,3.9
2023-07-19,77,0.76,1.9,4.4
2023-07-20,68,0,2.1,1.9
2023-07-21,69,0,2.4,6.5
2023-07-22,73,0,1.9,10.9
2023-07-23,72,0.25,1.9,8.1
2023-07-24,68,0,2.7,8.9
2023-07-25,77,0,1.9,8.3
2023-07-26,92,37.08,1.4,4.6
2023-07-27,81,0.51,1.9,2.4
2023-07-28,86,0,1.6,3.7
2023-07-29,89,12.95,1.8,5.4
2023-07-30,77,0,1.9,5.2
2023-07-31,74,0,1.9,8.3
2023-08-01,68,0,2.7,10.7
2023-08-02,77,-,2.3,10.4
2023-08-03,77,12.95,1.9,8.5
2023-08-04,87,2.03,1.8,4.4
2023-08-05,84,54.1,1.8,3.5
2023-08-06,69,2.03,2.6,15.7
2023-08-07,70,0,2.3,13.9
2023-08-08,70,0,3.2,13.1
2023-08-09,71,0,2.7,12.4
2023-08-10,72,0.25,2.3,8.5
2023-08-11,67,0,1.9,10.7
2023-08-12,61,0,2.7,14.4
2023-08-13,66,0,2.6,12.8
2023-08-14,71,0,2.1,6.7
2023-08-15,80,0.25,1.9,2.6
2023-08-16,73,0,1.9,3.9
2023-08-17,63,0,2.9,8.7
2023-08-18,66,0,2.1,6.9
2023-08-19,83,12.95,1.9,3.5
2023-08-20,72,0.25,2.7,4.8
2023-08-21,67,0,2.7,4.8
2023-08-22,78,0,2.1,9.3
2023-08-23,94,0,1.8,4.3
2023-08-24,75,7.11,1.9,10.2
2023-08-25,67,0,2.7,11.1
2023-08-26,63,0,2.6,13.7
2023-08-27,60,0,2.3,15.2
2023-08-28,66,0,2.7,10.9
2023-08-29,62,0,3.1,9.1
2023-08-30,64,0,2.6,7.6
2023-08-31,67,0,2.3,6.5
2023-09-01,62,0,3.1,6.5
2023-09-02,53,0,3.2,8
2023-09-03,57,0,3.1,8.7
2023-09-04,58,0,2.3,8.7
2023-09-05,63,0,2.9,5.4
2023-09-06,60,0,2.7,3.9
2023-09-07,68,0,1.9,5.6
2023-09-08,66,0,2.3,6.5
2023-09-09,92,9.91,1.9,10.7
2023-09-10,96,39.12,1.9,8.1
2023-09-11,84,1.02,1.9,3
2023-09-12,81,0,2.3,3.1
2023-09-13,78,0,1.9,2.8
2023-09-14,72,0,1.9,3.3
2023-09-15,82,4.06,2.1,4.8
2023-09-16,87,1.02,1.9,7.6
2023-09-17,83,11.94,1.9,12
2023-09-18,72,0,1.9,8.9
2023-09-19,67,0,3.1,7.8
2023-09-20,69,0,2.6,1.9
2023-09-21,75,1.02,1.9,5.6
2023-09-22,71,0,1.9,3.7
2023-09-23,85,14.99,1.9,4.4
2023-09-24,80,0,1.9,3.5
2023-09-25,75,0,1.9,0.7
2023-09-26,70,0,1.9,2
2023-09-27,65,0,2.3,2.2
2023-09-28,75,0,2.4,1.9
2023-09-29,70,0,2.1,1.9
2023-09-30,64,0,2.1,3.1
2023-10-01,56,0,1.8,1.9
2023-10-02,58,0,2.3,1.7
2023-10-03,60,0,2.6,5.7
2023-10-04,62,0,1.9,3.3
2023-10-05,64,0,2.1,6.1
2023-10-06,65,0,2.6,1.9
2023-10-07,66,0,2.6,4.6
2023-10-08,66,0,2.4,5
2023-10-09,64,0,2.6,4.8
2023-10-10,57,0,3.1,4.3
2023-10-11,61,0,1.9,3.7
2023-10-12,63,0,1.9,2
2023-10-13,67,0,1.8,2.8
2023-10-14,68,0,1.9,2.8
2023-10-15,71,0,1.8,2.6
2023-10-16,71,-,1.9,8.9
2023-10-17,77,5.08,1.9,3
2023-10-18,68,0,1.9,2.6
2023-10-19,65,0,1.9,2.6
2023-10-20,67,0,1.9,2
2023-10-21,66,0,1.9,1.5
2023-10-22,68,0,1.6,0.7
2023-10-23,66,0,1.6,2.8
2023-10-24,64,0,2.3,3.1
2023-10-25,66,0,1.8,2
2023-10-26,61,0,1.9,4.3
2023-10-27,58,0,1.8,2.6
2023-10-28,62,0,1.9,2.4
2023-10-29,65,0,1.9,1.1
2023-10-30,68,0,1.4,1.1
2023-10-31,72,0,1.1,1.9
2023-11-01,70,0,1.4,0.7
2023-11-02,80,0,0.5,0.4
2023-11-03,77,0,0.8,0
2023-11-04,81,0,0.5,0.4
2023-11-05,76,0,0.8,0
2023-11-06,69,0,0.8,1.3
2023-11-07,70,0,1,1.3
2023-11-08,75,0,0.8,0
2023-11-09,73,0,0.6,0.9
2023-11-10,93,6.1,1.3,5.4
2023-11-11,77,4.06,1.6,2.4
2023-11-12,73,0,1.4,2.6
2023-11-13,77,0,0.5,0
2023-11-14,73,0,0.8,1.9
2023-11-15,77,0,0.6,1.9
2023-11-16,77,0,0.5,0
2023-11-17,79,0,1,0
2023-11-18,77,0,0.8,2
2023-11-19,77,0,0.8,0.7
2023-11-20,76,0,0.8,0.4
2023-11-21,78,0,1,2.6
2023-11-22,74,0,0.8,2.4
2023-11-23,78,0,0.6,1.5
2023-11-24,80,0,0.6,0
2023-11-25,78,0,0.8,2
2023-11-26,82,0,0.8,0.9
2023-11-27,87,7.11,0.6,1.7
2023-11-28,94,0.51,1,1.1
2023-11-29,87,0,0.8,0.9
2023-11-30,88,0,0.5,1.7
2023-12-01,88,0,0.5,0
2023-12-02,87,0,0.6,0.9
2023-12-03,83,0,1.1,0
2023-12-04,83,0,0.8,1.5
2023-12-05,86,0,1.6,1.5
2023-12-06,86,0,1.4,0
2023-12-07,85,0,1,1.7
2023-12-08,77,0,1,2
2023-12-09,79,0,1.1,2.6
2023-12-10,75,0,1.3,4.4
2023-12-11,75,0,1.1,1.1
2023-12-12,81,0,0.8,1.1
2023-12-13,75,0,0.8,0
2023-12-14,69,0,1.3,4.1
2023-12-15,72,0,1.1,1.5
2023-12-16,69,0,1.3,1.5
2023-12-17,69,0,1.3,1.9
2023-12-18,71,0,1.4,7.2
2023-12-19,65,0,1.9,4.8
2023-12-20,75,0,1.4,2.6
2023-12-21,77,0,0.8,2
2023-12-22,80,0,0.3,1.1
2023-12-23,81,0,0.5,1.1
2023-12-24,80,0,0.8,0
2023-12-25,-,-,-,-
2023-12-26,-,-,-,-
2023-12-27,90,0,0.3,4.1
2023-12-28,87,0,0.3,2.8
2023-12-29,91,0,0.3,1.1
2023-12-30,87,0,0.3,2.8
2023-12-31,88,0,0.5,2
2024-01-01,82,0,0.5,3
2024-01-02,78,0,0.6,2.8
2024-01-03,85,0,0.5,3.1
2024-01-04,90,0,0.5,6.5
2024-01-05,92,0,0.5,0.4
2024-01-06,87,0,0.5,0.7
2024-01-07,79,0,0.6,1.1
2024-01-08,90,0,0.5,1.3
2024-01-09,87,0,0.5,6.5
2024-01-10,86,0,0.6,6.9
2024-01-11,79,0,0.6,4.4
2024-01-12,78,0,0.6,2.6
2024-01-13,87,0,0.3,1.9
2024-01-14,73,0,0.3,0.4
2024-01-15,75,0,1,4.6
2024-01-16,89,0,0.5,5.7
2024-01-17,83,0,0.6,3.7
2024-01-18,81,0,0.6,1.5
2024-01-19,88,0,0.6,3.3
2024-01-20,82,0,0.6,3
2024-01-21,87,0,0.6,7.2
2024-01-22,81,0,0.6,2.8
2024-01-23,83,-,0.5,2.8
2024-01-24,83,0,0.5,0.9
2024-01-25,80,0,0.5,2
2024-01-26,84,0,0.5,0.4
2024-01-27,65,0,1.3,5.4
2024-01-28,86,0,0.5,5.9
2024-01-29,82,0,0.8,1.1
2024-01-30,91,0,0.3,1.9
2024-01-31,97,9.91,0.3,2.4
2024-02-01,93,26.92,1.3,5
2024-02-02,91,0.51,0.6,5.4
2024-02-03,72,0,1.8,2.8
2024-02-04,91,3.05,0.8,3.9
2024-02-05,82,0.25,1.6,4.8
2024-02-06,69,0,2.1,5
2024-02-07,64,0,1.9,8.1
2024-02-08,57,0,2.7,13.9
2024-02-09,60,0,3.2,3.7
2024-02-10,72,0,1.1,0.9
2024-02-11,71,0,1.3,2.8
2024-02-12,77,0,0.8,0.7
2024-02-13,75,0,0.8,1.7
2024-02-14,73,0,1.3,2.8
2024-02-15,69,0,1.4,3.1
2024-02-16,62,0,1.8,1.9
2024-02-17,64,0,1.9,3.3
2024-02-18,59,0,2.4,4.3
2024-02-19,66,-,1.9,10.6
2024-02-20,75,3.05,1.4,2.4
2024-02-21,66,0,2.4,5.9
2024-02-22,57,0,2.7,2.6
2024-02-23,58,0,2.7,3.5
2024-02-24,61,0,1.9,1.1
2024-02-25,56,0,3.1,2.8
2024-02-26,47,0,2.9,2.8
2024-02-27,62,0,2.7,3.7
2024-02-28,61,0,3.4,7.6
2024-02-29,61,0,3.2,6.7
2024-03-01,59,0,2.9,5.6
2024-03-02,72,0.25,1.9,14.6
2024-03-03,74,4.06,2.7,3.7
2024-03-04,48,0,2.9,2.6
2024-03-05,51,0,3.2,8.7
2024-03-06,58,0,2.3,6.7
2024-03-07,52,0,2.6,4.8
2024-03-08,57,0,2.7,5.4
2024-03-09,55,0,2.7,6.5
2024-03-10,55,0,2.6,3.5
2024-03-11,54,0,3.2,2.6
2024-03-12,52,0,2.6,4.8
2024-03-13,56,0,2.4,5.7
2024-03-14,54,0,2.7,5.7
2024-03-15,45,0,3.5,7
2024-03-16,53,0,3.7,3.7
2024-03-17,53,0,3.2,3
2024-03-18,52,0,2.6,4.8
2024-03-19,52,0,3.1,4.1
2024-03-20,59,0,2.6,2.4
2024-03-21,68,0,3.1,8.3
2024-03-22,63,0,2.9,5
2024-03-23,55,0,2.7,5
2024-03-24,67,0,2.7,5.6
2024-03-25,63,0,2.9,8.1
2024-03-26,56,0,3.7,5.6
2024-03-27,45,0,3.5,4.8
2024-03-28,-,-,-,-
2024-03-29,-,-,-,-
2024-03-30,-,-,-,-
2024-03-31,-,-,-,-
2024-04-01,-,-,-,-
2024-04-02,-,-,-,-
2024-04-03,46,0,3.2,1.9
2024-04-04,42,0,3.7,3.1
2024-04-05,40,0,3.2,7.6
2024-04-06,38,0,3.1,7.2
2024-04-07,39,0,3.5,4.6
2024-04-08,38,0,3.7,6.7
2024-04-09,40,0,3.5,3.5
2024-04-10,47,0,2.9,2.8
2024-04-11,46,0,3.5,2.6
2024-04-12,48,0,3.1,1.3
2024-04-13,53,3.05,2.4,9.3
2024-04-14,68,0,1.9,3.7
2024-04-15,62,0,1.9,1.9
2024-04-16,-,-,-,-
2024-04-17,-,-,-,-
2024-04-18,-,-,-,-
2024-04-19,43,0,3.7,5
2024-04-20,46,0,3.2,8.5
2024-04-21,47,0,3.2,7.8
2024-04-22,44,0,3.4,5.9
2024-04-23,58,2.03,3.4,6.9
2024-04-24,48,0,3.4,3.7
2024-04-25,39,0,3.7,6.7
2024-04-26,42,3.05,3.4,4.4
2024-04-27,41,0,3.5,4.6
2024-04-28,40,0,3.5,1.5
2024-04-29,40,0,3.1,5.4
2024-04-30,33,0,4,10.2
2024-05-01,-,-,-,-
2024-05-02,34,0,3.5,6.9
2024-05-03,32,0,3.2,5.6
2024-05-04,36,0,2.6,5
2024-05-05,33,0,3.5,3.7
2024-05-06,41,0,3.2,4.6
2024-05-07,46,0,2.6,4.8
2024-05-08,57,0,3.4,9.3
2024-05-09,53,0,3.2,8.9
2024-05-10,52,-,3.2,9.1
2024-05-11,51,-,2.9,3.7
2024-05-12,48,0,3.5,3.7
2024-05-13,48,0,3.9,2.8
2024-05-14,39,0,3.5,4.6
2024-05-15,41,0,3.7,1.7
2024-05-16,45,0,3.7,2.8
2024-05-17,39,0,4,1.9
2024-05-18,37,0,3.5,3.9
2024-05-19,31,0,3.5,4.8
2024-05-20,37,0,3.5,4.6
2024-05-21,49,0,4,5.9
2024-05-22,50,0,3.5,9.1
2024-05-23,51,0,3.5,9.6
2024-05-24,50,0,3.5,6.7
2024-05-25,43,0,4,2.6
2024-05-26,37,0,3.4,3.3
2024-05-27,39,0,3.5,2.8
2024-05-28,33,0,3.7,2.8
2024-05-29,38,0,3.1,8.7
2024-05-30,30,0,3.7,9.3
2024-05-31,35,0,3.5,5
2024-06-01,35,0,3.5,10.4
2024-06-02,36,0,4,9.1
2024-06-03,34,0,3.7,8
2024-06-04,42,0,3.2,4.4
2024-06-05,31,0,3.7,13
2024-06-06,46,1.02,3.7,9.3
2024-06-07,36,0,3.5,8.3
2024-06-08,34,0,3.9,8.1
2024-06-09,33,0,3.5,6.3
2024-06-10,33,0,3.7,5
2024-06-11,36,0,3.5,4.8
2024-06-12,34,0,3.7,8.5
2024-06-13,27,0,3.5,13.3
2024-06-14,32,0,3.2,17.4
2024-06-15,33,0,4,13.1
2024-06-16,34,0,3.7,11.3
2024-06-17,36,0,3.7,10.2
2024-06-18,37,0,4,14.6
2024-06-19,40,0,3.9,14.1
2024-06-20,52,0,3.7,9.1
2024-06-21,65,4.06,3.2,6.1
2024-06-22,59,0,2.3,3.1
2024-06-23,64,0,2.6,4.1
2024-06-24,68,0.51,2.6,2.8
2024-06-25,62,1.02,1.9,2.8
2024-06-26,64,0,2.6,6.9
2024-06-27,74,0,3.2,10.2
2024-06-28,89,228.09,1.4,3.9
2024-06-29,86,0,2.6,5.7
2024-06-30,72,8.89,2.7,2.2
2024-07-01,69,0,3.5,3.3
2024-07-02,70,0,3.5,6.5
2024-07-03,89,0,2.3,6.3
2024-07-04,88,8.89,2.7,3.9
2024-07-05,85,0.51,3.1,8.5
2024-07-06,81,0.51,2.7,7.8
2024-07-07,73,0,3.7,8
2024-07-08,81,0,3.7,7.8
2024-07-09,90,30.99,1.9,2
2024-07-10,87,9.91,1.9,2.2
2024-07-11,73,0,3.4,1.7
2024-07-12,67,0,3.7,7.4
2024-07-13,80,-,2.7,3.3
2024-07-14,75,13.97,2.7,0.9
2024-07-15,79,0,2.3,3.9
2024-07-16,71,3.05,3.2,5.6
2024-07-17,75,0,3.7,5.2
2024-07-18,81,4.06,2.6,4.1
2024-07-19,81,0,1.9,3.9
2024-07-20,68,0,3.1,2.8
2024-07-21,79,7.11,3.2,6.3
2024-07-22,88,0,2.3,3.5
2024-07-23,78,30.99,1.9,2.6
2024-07-24,92,26.92,2.3,3.9
2024-07-25,82,19.05,3.1,1.7
2024-07-26,91,39.12,2.3,2.4
2024-07-27,84,0,1.9,0.9
2024-07-28,71,0,3.7,6.1
2024-07-29,71,0,4,7.8
2024-07-30,68,0,3.1,4.8
2024-07-31,79,0,2.7,9.6
2024-08-01,86,107.95,3.2,1.5
2024-08-02,82,2.03,3.1,5.6
2024-08-03,75,0,3.4,8.9
2024-08-04,77,0.51,3.2,10.2
2024-08-05,79,5.08,3.5,12
2024-08-06,77,0,4,6.5
2024-08-07,93,0.25,2.6,4.8
2024-08-08,87,21.08,3.2,5.7
2024-08-09,89,3.05,2.3,5.6
2024-08-10,91,17.02,2.1,3.9
2024-08-11,95,3.05,2.3,2
2024-08-12,-,-,-,-
2024-08-13,94,20.07,1.9,4.1
2024-08-14,82,12.95,3.4,4.6
2024-08-15,89,0,2.7,5
2024-08-16,86,13.97,3.5,3.9
2024-08-17,84,6.1,4,1.1
2024-08-18,82,0,3.7,4.3
2024-08-19,75,0,3.2,3.9
2024-08-20,86,1.02,3.1,3
2024-08-21,75,0,4,2.8
2024-08-22,74,0,3.5,5.7
2024-08-23,87,4.06,2.6,1.7
2024-08-24,82,0,1.9,3
2024-08-25,75,0.51,3.2,12.6
2024-08-26,79,0,2.6,7.4
2024-08-27,83,17.02,3.1,8.5
2024-08-28,88,9.91,2.1,4.1
2024-08-29,99,76.96,2.3,2.8
2024-08-30,82,11.94,3.1,4.4
2024-08-31,73,0,3.1,6.5
2024-09-01,74,0,3.1,4.1
2024-09-02,87,0,1.9,4.1
2024-09-03,76,23.11,2.6,3.1
2024-09-04,92,0.76,3.1,2
2024-09-05,83,10.92,2.7,0
2024-09-06,89,37.08,2.6,5.2
2024-09-07,88,0,1.9,3
2024-09-08,93,2.03,1.1,3.3
2024-09-09,83,0.25,1.6,0.9
2024-09-10,86,0,1.9,1.5
2024-09-11,87,6.1,2.3,0.9
2024-09-12,96,16,2.6,6.9
2024-09-13,96,29.97,3.1,9.3
2024-09-14,90,56.9,2.6,8.3
2024-09-15,78,0,4,6.5
2024-09-16,78,0,3.5,6.3
2024-09-17,77,0,3.7,3.9
2024-09-18,91,7.11,1.9,5.7
2024-09-19,88,0,2.6,2.6
2024-09-20,76,0,3.5,2.2
2024-09-21,77,0,3.5,0.9
2024-09-22,74,0,3.1,1.7
2024-09-23,73,0,2.4,3
2024-09-24,75,0,2.3,1.3
2024-09-25,74,0,2.1,6.5
2024-09-26,76,0,1.9,5.6
2024-09-27,69,0,4,8.9
2024-09-28,73,0,3.7,3.5
2024-09-29,73,0,4.2,2.8
2024-09-30,73,0,2.4,5.6
2024-10-01,73,0,1.9,3.7
2024-10-02,66,0,2.6,4.6
2024-10-03,62,0,3.1,6.1
2024-10-04,70,0,3.5,2
2024-10-05,69,0,3.2,5.2
2024-10-06,64,0,3.5,2.6
2024-10-07,65,0,2.7,2
2024-10-08,65,0,2.9,3.9
2024-10-09,64,0,3.5,3.5
2024-10-10,61,0,3.1,5
2024-10-11,63,0,3.5,5
2024-10-12,63,0,3.1,2.2
2024-10-13,58,0,3.1,0.7
2024-10-14,59,0,2.7,2
2024-10-15,61,0,3.1,3.7
2024-10-16,66,0,1.9,0.7
2024-10-17,67,0,1.8,1.3
2024-10-18,66,0,2.6,0.9
2024-10-19,66,0,2.6,1.7
2024-10-20,69,0,1.9,0.6
2024-10-21,74,0,1.4,1.3
2024-10-22,75,0,1.6,1.9
2024-10-23,68,0,1.4,3.9
2024-10-24,65,0,2.1,5.6
2024-10-25,66,0,1.8,5.6
2024-10-26,64,0,1.8,5.4
2024-10-27,72,0,1.8,1.3
2024-10-28,75,0,1.8,3.1
2024-10-29,74,0,1.4,1.7
2024-10-30,72,0,1.8,0.7
2024-10-31,70,0,1.8,5.6
2024-11-01,70,0,1.9,4.6
2024-11-02,70,0,1.9,0
2024-11-03,71,0,1.1,0
2024-11-04,72,0,1.3,1.3
2024-11-05,76,0,1,0.9
2024-11-06,78,0,1,1.3
2024-11-07,80,0,1.1,0.9
2024-11-08,82,0,0.8,1.3
2024-11-09,81,0,0.6,1.5
2024-11-10,81,0,0.8,0
2024-11-11,81,0,0.8,1.1
2024-11-12,74,0,1.3,3.5
2024-11-13,87,0,0.3,3.3
2024-11-14,86,0,0.5,0.4
2024-11-15,80,0,1.3,1.9
2024-11-16,81,0,0.5,2.6
2024-11-17,86,0,0.3,1.9
2024-11-18,-,-,-,-
2024-11-19,-,-,-,-
2024-11-20,-,-,-,-
2024-11-21,-,-,-,-
2024-11-22,76,0,0.5,1.7
2024-11-23,73,0,0.8,0
2024-11-24,66,0,1.4,2
2024-11-25,77,0,0.6,4.1
2024-11-26,69,0,1.3,4.3
2024-11-27,67,0,1.6,3
2024-11-28,69,0,1.3,1.3
2024-11-29,76,0,1,1.1
2024-11-30,65,0,1.3,3.1
2024-12-01,-,-,-,-
2024-12-02,73,0,1.6,2.6
2024-12-03,68,0,1.3,1.7
2024-12-04,68,0,1.9,5
2024-12-05,55,0,2.4,8
2024-12-06,62,0,2.7,3.9
2024-12-07,66,0,1.8,2.2
2024-12-08,70,0,1.8,2.6
2024-12-09,77,0,1.8,1.1
2024-12-10,64,0,1.9,1.9
2024-12-11,57,0,2.1,2.2
2024-12-12,65,0,1.4,3.1
2024-12-13,51,0,1.6,7.8
2024-12-14,57,0,2.7,5.4
2024-12-15,65,0,1.4,0.7
2024-12-16,74,0,0.8,0
2024-12-17,77,0,0.6,1.1
2024-12-18,91,0,0.2,0.6
2024-12-19,82,0,0.5,0.7
2024-12-20,81,0,0.8,0
2024-12-21,76,0,0.6,0
2024-12-22,77,0,0.6,0.4
2024-12-23,89,0,0.5,0.9
2024-12-24,84,0.51,0.6,0.4
2024-12-25,84,3.05,0.6,1.1
2024-12-26,80,0,0.8,0
2024-12-27,100,8.89,0.5,2
2024-12-28,98,40.89,0.5,2.4
2024-12-29,93,0,0.6,6.7
2024-12-30,87,0,0.8,5.6
2024-12-31,83,0,0.6,0.9
